kBf,kBr,kcatE,kdEf,kdEr,kdp,kdpERK,kdpMEK,kdpR1,kdpSOS,kdR1f,kdR1r,kEf,kEr,kfpBr,kfpR1r,kG2f,kG2r,kG2SOSf,kG2SOSr,kiBf,kiBr,kiR1f,kiR1r,Kmgneslow,knfpBR1,knfpiBr,knfpiR1r,knfpSOS,kpERK,kpMEK,kpR1,kR1f,kR1r,kRgneslow,kRhydro,kSoff,kSon,kSOSf,kSOSr
2280.15,0.046709999999999995,5.328,0.1958,83.6,367.78000000000003,1.6211,4.317950000000001,28.1,0.037211,1.9012499999999999,22.27,116875.0,3.24,15.960000000000003,0.10300000000000001,3.2600000000000002,14485.5,0.9842,424.08,1.2877e-12,5.382,1.258e-5,1.2760000000000002,216300.0,3.52425e-12,14.28,0.10787999999999999,3.332e-5,2.2619999999999997e-6,0.00037365,4236.5,0.00025652499999999996,313.26,4.3125,0.2439,48.832,149.99,0.00048024000000000005,16.426
3828.3999999999996,0.028544999999999997,18.315,2.8880500000000002,105.63999999999999,303.03000000000003,3.77,0.6132000000000001,18.265,0.027835,5.1675,72.705,12500.0,76.68,44.95400000000001,0.30900000000000005,0.7172000000000001,6160.5,0.14245,482.98,4.661000000000001e-13,14.664000000000001,1.0360000000000001e-6,0.6930000000000002,674135.0,3.29565e-12,61.20000000000001,0.10962000000000001,6.703199999999999e-5,2.3779999999999995e-6,0.0015263999999999998,458.0,0.00013074499999999996,222.46,56.6375,2.6016,56.24400000000001,104.71000000000001,0.00032292000000000003,10.504999999999999
5067.0,0.137535,57.94199999999999,9.34945,64.6,486.92,1.82845,0.8687000000000001,231.82500000000002,0.020509999999999997,9.555,96.285,48125.0,114.48,37.506,0.34814,3.8468000000000004,10822.5,1.23025,509.48499999999996,9.954000000000002e-13,2.5740000000000003,5.8460000000000004e-6,0.44000000000000006,342475.0,3.2004000000000004e-12,56.1,0.10005,3.8808e-5,7.4239999999999996e-6,0.00073935,7328.0,0.0002648,27.240000000000002,14.374999999999998,0.1084,29.212000000000003,198.1,0.0004002,16.616999999999997
2195.7000000000003,0.06660499999999998,53.94599999999999,3.96495,56.24,145.04000000000002,2.0735,3.1171,273.97499999999997,0.020803,6.4350000000000005,93.665,80625.0,98.28,37.772000000000006,0.36256,1.4344000000000001,27306.0,1.2043499999999998,223.82,1.2640000000000002e-13,9.828000000000001,6.364e-6,1.5400000000000005,155015.0,2.45745e-12,58.14000000000001,0.02871,7.447999999999999e-5,3.4799999999999997e-6,0.000477,1030.5,0.000170465,154.36,44.275000000000006,2.3848000000000003,85.02,199.51500000000004,2.484e-5,17.2855
1407.4999999999998,0.08822999999999999,25.641000000000002,6.11875,29.639999999999997,121.73000000000002,0.9424999999999999,2.9127,264.14,0.039262,5.703749999999999,125.105,121250.0,167.4,2.66,0.04532,6.031000000000001,6493.5,2.4605,29.450000000000003,2.8440000000000003e-13,15.132000000000001,1.998e-6,0.7150000000000002,328055.0,1.143e-13,88.23,0.07134,7.173599999999999e-5,8.526e-6,0.0013514999999999998,1603.0,0.00018535999999999995,717.3199999999999,11.787499999999998,1.3278999999999999,52.75600000000001,32.545,4.1400000000000003e-5,9.0725
928.9499999999998,0.045845,33.3,6.167700000000001,127.67999999999998,518.0,0.6032,2.37615,47.77,0.008497,2.2912500000000002,75.325,113750.0,77.76,32.18600000000001,0.39346000000000003,5.9006,33133.5,1.7482499999999999,267.995,1.5800000000000003e-12,10.842,8.361999999999999e-6,1.6280000000000003,699370.0,2.286e-12,20.400000000000002,0.11136,6.781599999999999e-5,5.683999999999999e-6,0.00061215,12022.5,9.93e-6,267.85999999999996,38.525,2.4119,28.34,46.695,0.00028152,3.9154999999999993
2392.75,0.12196499999999999,54.945,0.24475000000000002,24.319999999999997,246.05,1.60225,3.7814,70.25,0.025197999999999998,2.48625,44.54,81875.0,180.35999999999999,20.748,0.33784000000000003,5.6724,2830.5,2.29215,559.5500000000001,2.212e-13,5.928,6.956000000000001e-6,1.6940000000000002,573195.0,2.00025e-12,87.21,0.14267999999999997,7.1344e-5,4.234e-6,0.0012958499999999999,4809.0,0.00018039499999999997,876.22,28.749999999999996,0.4607,58.424,117.44500000000001,0.00052164,18.6225
760.05,0.10985499999999998,59.273999999999994,0.63635,50.919999999999995,204.61000000000004,1.52685,2.0440000000000005,106.78000000000002,0.003516,1.6087500000000001,51.745,105000.0,19.44,26.334000000000003,0.00824,2.934,20812.5,1.5022,203.20500000000004,1.4852e-12,10.374000000000002,5.254e-6,0.30800000000000005,447020.0,1.2382499999999999e-12,90.77999999999999,0.13485,6.1544e-5,5.741999999999999e-6,0.00062805,8129.5,8.274999999999999e-5,444.91999999999996,41.6875,0.37940000000000007,44.908,86.31500000000001,0.00046368000000000006,15.7575
478.55,0.06314499999999999,65.934,2.5454000000000003,63.839999999999996,240.87000000000003,2.3751,4.4201500000000005,186.865,0.0011719999999999999,3.1200000000000006,40.61,60625.0,208.44,30.058000000000007,0.18334,5.2812,24642.0,0.37555,26.505,2.528e-13,2.418,4.218e-6,1.8260000000000003,504700.0,2.5908e-12,69.36,0.02958,6.859999999999999e-5,1.0033999999999999e-5,0.0003339,9732.5,0.00011419499999999997,540.26,29.899999999999995,1.0839999999999999,28.776,8.49,0.0003312,1.337
5489.249999999999,0.16607999999999998,47.286,3.7691500000000002,76.75999999999999,336.70000000000005,1.71535,3.2704000000000004,140.5,0.018751999999999998,9.262500000000001,100.87,40000.0,51.84,48.146000000000015,0.19982000000000003,2.6406,14818.5,1.5539999999999998,11.780000000000001,1.5247000000000002e-12,6.24,1.3616000000000001e-5,2.1450000000000005,389340.0,5.5245e-13,41.82000000000001,0.16268999999999997,5.2527999999999996e-5,1.1251999999999998e-5,0.00110505,12251.5,0.00026148999999999996,826.2800000000001,43.9875,2.61515,30.084000000000003,125.935,8.832e-5,10.982500000000002
2420.9,0.011245,26.973,7.29355,124.63999999999999,31.080000000000002,0.8859499999999999,0.6643,193.89,0.042192,9.4575,110.695,96875.0,62.64,40.16600000000001,0.3708000000000001,0.652,5161.5,0.8676499999999999,176.7,1.8960000000000002e-13,8.190000000000001,8.954e-6,0.8140000000000002,133385.0,3.1242e-12,91.80000000000001,0.08091,2.9007999999999997e-5,1.914e-6,0.0013356,20610.0,0.00022673499999999994,531.18,39.3875,0.50135,80.66000000000001,111.785,0.00012696,10.696
4588.45,0.11158499999999998,66.267,3.3286,53.96,328.93000000000006,3.1668,2.6572000000000005,154.55,0.041899,1.31625,22.924999999999997,102500.0,73.44,6.118000000000001,0.31518,3.0644000000000005,7992.0,0.97125,188.48000000000002,2.3700000000000003e-14,4.212,2.8860000000000004e-6,2.068,443415.0,3.3147000000000004e-12,16.830000000000002,0.15572999999999998,4.351199999999999e-5,8.989999999999999e-6,0.0014866499999999997,916.0,0.00010260999999999997,181.6,14.95,2.6287,63.22,140.085,0.0005244,17.0945
4757.35,0.13321,58.275,3.27965,149.72,77.70000000000002,2.84635,1.09865,143.31,0.00586,3.705,18.34,10625.0,18.36,47.879999999999995,0.0206,4.824800000000001,9324.0,2.1367499999999997,444.695,1.2166e-12,12.324000000000002,7.844e-6,0.9460000000000002,299215.0,1.6383e-12,13.77,0.07830000000000001,5.1744e-5,1.0092e-5,0.00077115,14312.5,0.00020687499999999997,631.0600000000001,48.3,0.06775,36.624,183.95000000000002,0.0001932,7.544499999999999
1238.6,0.16694499999999998,3.9959999999999996,9.74105,109.44,259.00000000000006,2.7898,1.45635,261.33,0.048345,3.1687499999999997,108.075,7500.0,102.6,13.034,0.25544000000000006,0.32600000000000007,31635.0,2.55115,518.3199999999999,3.16e-13,8.502,5.772000000000001e-6,2.09,666925.0,3.3528000000000004e-12,9.69,0.022619999999999998,7.7616e-5,1.1135999999999998e-5,0.0015343499999999999,9847.0,0.00032603499999999996,789.96,21.562499999999996,1.31435,63.656,66.50500000000001,0.00037812,12.797
2815.0,0.009515,36.629999999999995,1.9580000000000002,116.27999999999999,339.2900000000001,2.24315,2.88715,39.34,0.001758,5.31375,9.17,5625.0,137.16,6.65,0.1957,1.4018000000000002,15484.5,2.072,58.9,8.216000000000001e-13,12.558,1.4504e-5,0.9020000000000002,382130.0,5.9055e-13,73.95,0.12788999999999998,4.0375999999999994e-5,1.0323999999999998e-5,0.0009460499999999999,4923.5,0.00015225999999999998,426.76,52.037499999999994,0.9756,54.936,200.93000000000004,8.28e-6,13.943
619.3,0.15916,38.961,5.62925,90.44,41.440000000000005,1.67765,0.4599000000000001,71.655,0.055963000000000006,4.9725,115.935,83750.0,63.72,13.832000000000003,0.09064000000000001,5.868,33300.0,1.3467999999999998,265.05,9.006000000000001e-13,6.5520000000000005,3.1080000000000006e-6,1.1990000000000003,79310.0,3.56235e-12,84.15,0.14442,7.6832e-5,9.802e-6,0.0012878999999999998,14198.0,0.00022011499999999998,581.12,17.825,0.7317000000000001,59.29600000000001,188.19500000000002,0.00021252,7.830999999999999
4926.25,0.13061499999999998,65.601,1.5664,38.76,217.56000000000003,0.65975,5.11,214.965,0.051861000000000004,5.99625,120.52,40625.0,10.8,30.324000000000005,0.08857999999999999,6.422200000000001,13653.0,1.17845,571.3299999999999,8.769e-13,14.820000000000002,1.2654000000000001e-5,1.6390000000000002,562380.0,1.65735e-12,98.94,0.07047,1.1368e-5,2.8419999999999996e-6,0.0005883,14999.5,0.00021680499999999995,458.54,43.125,1.7072999999999998,33.572,266.02,0.0002208,1.528
5432.95,0.029409999999999995,16.65,4.55235,15.959999999999999,349.6500000000001,2.31855,1.20085,279.595,0.050982,1.8525,15.065,26875.0,158.76,5.32,0.01442,3.4556,26140.5,0.09065000000000001,70.68,1.2561e-12,7.566,7.104000000000001e-6,1.1550000000000002,115360.0,3.4671000000000004e-12,9.18,0.11919,2.8224e-5,1.682e-6,5.565e-5,10190.5,2.317e-5,390.44,31.624999999999996,0.39295,80.224,48.11,0.00044160000000000005,3.6289999999999996
4869.95,0.09428499999999998,15.318,0.34264999999999995,50.16,147.63000000000002,1.90385,1.3541500000000002,175.62500000000003,0.022268,0.6825,129.035,55000.0,186.84,10.108,0.33372,5.3790000000000004,32467.5,2.4863999999999997,294.5,1.5010000000000002e-12,6.942,1.4356000000000001e-5,2.189,75705.0,3.429e-12,12.75,0.10527000000000002,6.232799999999999e-5,7.946e-6,0.0012163499999999997,11564.5,0.00021183999999999998,667.38,6.6125,2.42545,37.932,181.12000000000003,0.0004692,2.1009999999999995
1886.05,0.07871499999999998,46.952999999999996,1.1748,75.24,435.12000000000006,2.43165,4.1902,257.115,0.051275,5.41125,46.505,77500.0,106.91999999999999,35.378,0.04944,3.6512000000000002,14985.0,1.2432,515.375,1.2640000000000003e-12,3.8220000000000005,1.0878e-5,0.8580000000000001,501095.0,1.04775e-12,73.44,0.10266,4.8215999999999994e-5,7.366e-6,0.00018285,10076.0,1.1584999999999998e-5,585.66,33.6375,0.47425000000000006,69.324,258.945,0.00025116,13.2745
4447.7,0.027679999999999996,45.95399999999999,2.49645,129.2,515.41,1.63995,4.036900000000001,206.53500000000003,0.054791000000000006,6.678750000000001,94.32,81250.0,203.04,22.344000000000005,0.10712,3.8142,10323.0,2.57705,318.06,8.927000000000001e-13,15.21,1.3394e-5,1.0890000000000002,169435.0,2.2479e-12,19.38,0.17139,6.3504e-5,6.263999999999999e-6,0.0015581999999999998,13511.0,0.00024493999999999997,113.5,50.3125,1.63955,37.496,220.74,0.00027876,4.584
2505.35,0.05103499999999999,44.955,8.321499999999999,122.36,80.28999999999999,0.81055,1.4819,196.70000000000002,0.016408,2.6325000000000003,16.375,98125.0,82.08,40.69800000000001,0.28016,3.6838000000000006,24475.5,1.5410499999999998,129.57999999999998,1.0349e-12,1.0140000000000002,9.398e-6,1.8810000000000002,129780.0,2.5717500000000002e-12,52.53,0.16007999999999997,6.4288e-5,2.0879999999999997e-6,0.00083475,2290.0,5.792499999999999e-5,558.42,19.2625,0.8943,82.84,260.36,0.00013247999999999998,2.1965
2646.1,0.005189999999999999,15.651,6.3635,39.519999999999996,152.81,2.50705,4.8545,46.365,0.036039,2.8275,68.12,54375.0,193.32,42.294,0.26574000000000003,6.2266,12820.5,1.7093999999999998,220.875,1.4536000000000002e-12,2.1060000000000003,6.216000000000001e-6,0.6490000000000001,479465.0,3.44805e-12,49.980000000000004,0.06699000000000001,5.5271999999999995e-5,7.656e-6,0.0010573499999999999,7442.5,0.00019197999999999996,862.6,20.124999999999996,1.897,54.50000000000001,261.775,0.00045264000000000003,4.202
2026.8,0.14532,56.943,1.4685000000000001,144.4,183.89000000000001,1.4326,0.5876500000000001,57.605000000000004,0.031937,5.80125,103.49,8750.0,165.24,45.22000000000001,0.37286,1.9234,22144.5,1.4245,385.795,4.345e-13,10.92,2.0720000000000002e-6,1.1000000000000003,645295.0,1.92405e-12,57.12000000000001,0.07221,4.0768e-5,1.1078e-5,0.00046904999999999994,16717.0,0.00024659499999999995,199.76000000000002,48.0125,2.1815499999999997,50.576,77.825,6.072000000000001e-5,6.016499999999999
5348.5,0.10725999999999998,16.316999999999997,7.3425,82.08,227.92000000000002,2.92175,2.8616,29.504999999999995,0.031351,4.33875,84.495,89375.0,7.5600000000000005,51.604,0.22660000000000002,6.0962000000000005,2997.0,1.8389,285.665,7.268000000000001e-13,9.672,4.8100000000000005e-6,1.7380000000000004,39655.0,2.9337000000000003e-12,28.56,0.12702,4.2727999999999995e-5,6.032e-6,0.0005167500000000001,6412.0,0.00014398499999999998,517.56,35.65,1.9918500000000001,71.068,79.24,0.00035880000000000005,4.488499999999999
703.7499999999999,0.018164999999999997,48.617999999999995,2.69225,46.36,75.11000000000001,1.18755,2.6827500000000004,157.36,0.045708,1.2187499999999998,88.42500000000001,62500.0,99.35999999999999,34.048,0.15862,2.3472,9823.5,1.8906999999999998,368.125,1.5563000000000001e-12,11.154000000000002,1.2432e-5,0.31900000000000006,93730.0,2.80035e-12,57.63000000000001,0.09047999999999999,4.1944e-5,1.0497999999999998e-5,0.00065985,2748.0,0.00031610499999999996,358.65999999999997,21.274999999999995,2.5202999999999998,8.72,271.68,0.00047472000000000004,11.841999999999999
2730.55,0.06487499999999999,29.637,6.51035,136.8,207.20000000000005,2.8275,3.066,272.57,0.039848,2.7787500000000005,96.94,68750.0,81.0,52.13600000000001,0.12978000000000003,1.0106000000000002,27805.5,1.5799,544.825,1.1613000000000001e-12,9.438,1.4726e-5,0.24200000000000005,457835.0,2.667e-13,72.92999999999999,0.058289999999999995,5.3311999999999994e-5,1.3919999999999998e-6,0.0005088,10419.5,0.00023004499999999996,81.72,27.024999999999995,1.28725,76.736,267.435,0.00030912,11.746500000000001
3969.1499999999996,0.09082499999999999,34.299,2.8391,25.839999999999996,111.37,1.41375,2.52945,199.51,0.013771,0.34125000000000005,21.615,51875.0,178.2,1.596,0.24308000000000005,6.357000000000001,23976.0,0.06475,468.255,1.5642000000000001e-12,12.792000000000002,1.6280000000000003e-6,0.6820000000000002,230720.0,3.1432500000000004e-12,61.71000000000001,0.06177,1.3719999999999999e-5,9.221999999999999e-6,0.00070755,19236.0,0.00022838999999999997,22.7,7.187499999999999,0.0542,26.596,223.57000000000002,0.00030360000000000006,14.898
225.2,0.006055,8.325,2.1048500000000003,140.6,54.39000000000001,1.0179,2.42725,96.945,0.004102,4.43625,116.58999999999999,115000.0,38.879999999999995,26.600000000000005,0.38110000000000005,5.183400000000001,7825.5,1.61875,500.65,3.7130000000000004e-13,9.048,8.584000000000001e-6,2.101,555170.0,2.7813000000000003e-12,90.27,0.026099999999999995,7.3696e-5,9.396e-6,0.0014707499999999998,20381.0,0.00010922999999999998,476.69999999999993,1.15,0.63685,3.9240000000000004,189.61,9.384000000000001e-5,16.7125
4672.9,0.16262,14.318999999999999,1.9090500000000001,146.68,56.980000000000004,0.50895,0.33215000000000006,78.68,0.034574,6.87375,17.685,103125.0,23.76,3.9900000000000007,0.24720000000000003,0.45640000000000003,28305.0,0.9582999999999999,100.13000000000001,1.0270000000000002e-12,4.992,5.92e-7,0.26400000000000007,10815.0,1.42875e-12,59.67000000000001,0.06264,4.7823999999999995e-5,6.96e-7,0.0005564999999999999,18091.0,0.00014894999999999996,63.559999999999995,18.974999999999998,1.0298,81.968,134.425,0.00041952000000000005,7.448999999999999
3800.25,0.07784999999999999,23.976000000000003,1.81115,32.68,383.32,2.80865,2.98935,181.24499999999998,0.049517000000000005,0.92625,74.015,71250.0,103.67999999999999,27.664,0.20188000000000003,2.9014,26806.5,0.31079999999999997,14.725,1.1139000000000001e-12,10.608,1.3467999999999999e-5,2.035,313635.0,1.9050000000000002e-13,12.239999999999998,0.03915,2.548e-5,3.886e-6,0.0007473,13625.5,5.1305e-5,177.06000000000003,34.7875,1.9512,44.47200000000001,169.80000000000004,0.00016560000000000001,4.297499999999999
2983.8999999999996,0.172135,40.958999999999996,6.41245,9.12,214.97000000000003,1.3383500000000002,0.9964500000000001,229.015,0.016700999999999997,7.41,112.00500000000001,52500.0,97.2,33.25,0.2575,4.564,25474.5,2.2792,161.97500000000002,7.426000000000001e-13,11.232000000000001,1.3246e-5,1.5070000000000001,584010.0,3.3909e-12,36.21,0.12093,3.136e-6,2.4939999999999993e-6,7.155e-5,12480.5,0.000312795,272.4,29.612499999999997,2.10025,20.928,100.46499999999999,0.00017939999999999997,14.038499999999999
844.5,0.047575,34.964999999999996,8.17465,52.440000000000005,494.69000000000005,3.33645,1.8396000000000001,51.985,0.040727,3.6075000000000004,74.67,123750.0,27.0,30.590000000000003,0.36874,2.2494,20146.5,2.42165,429.96999999999997,1.4615000000000002e-12,10.998,8.066e-6,1.9250000000000003,374920.0,1.524e-13,34.17,0.15312,2.6656e-5,6.727999999999999e-6,0.0015422999999999997,5496.0,0.00021018499999999994,86.25999999999999,42.55,1.5582500000000001,34.88,250.455,0.00012972,11.459999999999999
1576.3999999999999,0.015569999999999999,37.29599999999999,3.57335,6.84,331.52000000000004,1.9415499999999999,0.12775,234.635,0.037797,2.97375,53.05500000000001,108750.0,125.28,21.014000000000003,0.16892000000000001,5.053,3163.5,2.2015,256.215,8.137e-13,7.488,1.1618e-5,1.5620000000000003,136990.0,1.7145000000000002e-13,77.01,0.040889999999999996,2.0384e-5,4.466e-6,0.0013038,12595.0,7.116499999999997e-5,603.8199999999999,12.075,1.42275,6.104000000000001,209.42000000000002,7.728e-5,12.988000000000001
3715.8,0.15656499999999998,43.28999999999999,5.2866,2.28,274.54,3.2422,3.4237,236.04000000000002,0.04102,3.36375,111.35,4375.0,192.24,29.526000000000003,0.11330000000000001,0.8802000000000001,25308.0,0.4014499999999999,438.80499999999995,1.4062000000000002e-12,4.601999999999999,6.734e-6,0.539,335265.0,1.905e-12,52.02,0.14093999999999998,7.056e-5,7.308e-6,0.0006678,22327.5,3.4754999999999995e-5,158.9,45.1375,0.7723500000000001,73.684,213.66500000000002,0.00022356,0.764
4278.8,0.07092999999999999,38.294999999999995,6.9509,17.48,507.6400000000001,0.8671,0.8431500000000002,53.39,0.019631,2.09625,124.45,43125.0,122.04,25.536,0.07416,0.19560000000000002,27472.5,0.7252000000000001,47.12,6.478e-13,1.092,3.2560000000000003e-6,0.4070000000000001,648900.0,1.6192500000000002e-12,1.53,0.13832999999999998,3.2143999999999996e-5,9.105999999999999e-6,0.0013832999999999996,18663.5,0.00016715499999999997,681.0000000000001,12.9375,0.16260000000000002,53.192,91.97500000000001,0.0005409599999999999,3.5334999999999996
5601.849999999999,0.12455999999999999,46.62,2.59435,126.91999999999999,292.67,1.9604,1.7885,126.45,0.02637,8.58,6.550000000000001,90000.0,181.44,4.788,0.05562,2.5754,11155.5,0.4144,586.055,1.5168000000000002e-12,1.404,9.62e-6,0.07700000000000001,587615.0,1.7526000000000002e-12,40.290000000000006,0.060899999999999996,7.8008e-5,1.0787999999999999e-5,4.77e-5,8931.0,0.00031114,490.31999999999994,31.912499999999998,1.74795,4.796,19.810000000000002,0.00041124,9.741
2139.4,0.10552999999999998,31.302,9.2026,8.36,44.03000000000001,2.8652,0.79205,125.045,0.056256,0.195,117.245,48750.0,111.24,29.26,0.08446000000000001,4.4988,8491.5,1.9683999999999997,524.21,2.9230000000000003e-13,7.332000000000001,1.2062e-5,1.7490000000000003,270375.0,2.3241e-12,10.2,0.01131,1.6464e-5,7.249999999999999e-6,0.0008665499999999999,21640.5,0.00030451999999999996,317.79999999999995,54.625,1.5989,82.40400000000001,176.87500000000003,0.00033948,12.415
4166.2,0.13666999999999999,2.664,3.4265000000000003,47.12,157.99000000000004,0.24505000000000002,3.5259,105.375,0.051568,2.0475000000000003,117.9,6875.0,120.96000000000001,10.374000000000002,0.03502,2.4124,832.5,1.9165999999999999,462.365,8.848e-13,5.537999999999999,2.59e-6,0.3960000000000001,410970.0,3.21945e-12,51.00000000000001,0.07656,7.84e-5,2.726e-6,0.0007790999999999999,15572.0,0.00023831999999999995,712.7800000000001,49.162499999999994,1.34145,61.040000000000006,99.05000000000001,0.00038640000000000007,16.903499999999998
5038.85,0.049304999999999995,10.989,7.6362,43.32,85.47,0.5843499999999999,0.511,30.910000000000004,0.003223,6.97125,59.605000000000004,51250.0,173.88,3.458,0.30694000000000005,2.0212,6826.5,1.295,179.64499999999998,1.9750000000000002e-13,12.714,4.514e-6,1.9140000000000001,320845.0,8.1915e-13,101.49000000000001,0.16616999999999998,2.6264e-5,9.163999999999999e-6,0.0013276499999999997,1374.0,6.454499999999999e-5,762.72,26.45,1.0027,19.62,159.89500000000004,0.00015179999999999998,12.3195
5292.2,0.07525499999999999,9.657,9.153649999999999,34.2,72.52000000000001,3.1291,5.0589,9.835,0.053326000000000005,6.48375,26.2,78750.0,183.60000000000002,14.098,0.39552000000000004,1.8256000000000001,19480.5,1.036,38.285000000000004,1.0823000000000001e-12,14.352,1.073e-5,1.3420000000000003,245140.0,5.334e-13,25.5,0.02175,2.2344e-5,1.4499999999999999e-6,0.0010176,21297.0,0.000269765,77.17999999999999,23.287499999999998,0.6504,1.7440000000000002,43.865,0.00034224000000000006,6.494
2533.5,0.07438999999999998,25.973999999999997,6.706150000000001,37.24,108.78,1.6588,4.88005,251.49499999999998,0.033695,8.8725,102.83500000000001,3125.0,45.36,31.92,0.1854,3.2926,4662.0,1.9425,229.70999999999998,1.1771000000000001e-12,9.516000000000002,9.176e-6,0.4510000000000001,306425.0,6.858000000000001e-13,54.57,0.1392,2.9792e-5,4.639999999999999e-7,0.00056445,19350.5,0.00022176999999999996,281.47999999999996,38.8125,0.42005000000000003,11.336000000000002,142.91500000000002,0.00024564000000000004,10.4095
1857.8999999999999,0.014705,43.62299999999999,6.7551000000000005,88.15999999999998,264.18000000000006,2.05465,0.5621,219.18,0.010547999999999998,3.8025,60.260000000000005,99375.0,150.12,50.806,0.16686000000000004,2.9666,3330.0,0.76405,485.925,6.399000000000001e-13,0.468,1.1396e-5,1.8700000000000003,187460.0,3.0480000000000003e-12,29.580000000000002,0.00348,2.4696000000000002e-5,9.338e-6,0.0015820499999999998,16373.5,9.433499999999997e-5,204.3,15.524999999999999,1.36855,40.112,14.15,0.00038916,17.667499999999997
4194.35,0.05536,57.27599999999999,3.6712499999999997,88.91999999999999,318.57000000000005,0.4901,1.71185,147.525,0.018165999999999998,7.800000000000001,5.24,30000.0,88.56,32.718,0.36668,5.705000000000001,4495.5,2.3569,583.11,9.638e-13,9.204,5.92e-6,0.2750000000000001,627270.0,7.4295e-13,96.9,0.03741,3.92e-5,4.9879999999999995e-6,0.00020669999999999998,6068.5,0.00030617499999999995,898.92,6.8999999999999995,1.3008,5.668,50.940000000000005,6.348e-5,6.9715
4813.65,0.07611999999999998,11.322,1.6643000000000001,120.83999999999997,497.28000000000003,0.9047999999999999,2.27395,110.995,0.053619,1.4625,81.875,23750.0,209.51999999999998,19.152,0.012360000000000001,3.8794000000000004,4162.5,1.0619,541.88,9.243000000000002e-13,11.388000000000002,9.768e-6,1.8370000000000004,86520.0,4.572e-13,92.31,0.09135,6.0367999999999995e-5,8.874e-6,0.0007632,8473.0,0.00014729499999999998,394.97999999999996,51.75,0.6910499999999999,83.712,133.01000000000002,0.00029808,7.639999999999999
3772.1000000000004,0.05795499999999999,29.97,5.531350000000001,72.96,165.76000000000002,0.377,5.03335,207.94,0.043657,5.21625,85.15,31250.0,205.2,50.540000000000006,0.37492000000000003,5.9332,13153.5,1.7611999999999999,20.615000000000002,4.424e-13,11.700000000000001,1.11e-6,0.6380000000000001,695765.0,2.4003e-12,31.110000000000003,0.16355999999999998,4.586399999999999e-5,7.076e-6,0.0006995999999999999,5152.5,4.1374999999999996e-5,708.24,8.337499999999999,0.14905000000000002,6.976,243.38000000000002,0.00014904,15.088999999999999
3884.7,0.149645,58.608,1.6153500000000003,97.27999999999999,23.310000000000002,0.28275,4.2413,148.93,0.0046879999999999995,7.6049999999999995,121.83,115625.0,146.88,5.586,0.17922000000000002,3.1296,18648.0,0.6734,159.03000000000003,6.715000000000001e-13,12.090000000000002,1.4060000000000001e-5,1.2540000000000002,57680.0,2.8956000000000003e-12,26.52,0.12962999999999997,5.488000000000001e-6,8.468e-6,0.00042134999999999997,1488.5,9.764499999999998e-5,195.22000000000003,37.0875,1.2601499999999999,55.808,130.18,0.00034500000000000004,2.3874999999999997
562.9999999999999,0.16954,51.614999999999995,4.25865,75.99999999999999,360.01000000000005,0.69745,0.7665000000000001,66.035,0.031057999999999995,5.85,36.025,22500.0,129.6,20.482000000000003,0.01854,4.3032,27639.0,1.6058000000000001,64.79,5.767000000000001e-13,2.4960000000000004,7.4e-7,1.5290000000000001,533540.0,6.6675e-13,35.190000000000005,0.08787000000000002,1.2936e-5,1.798e-6,0.0007314,21755.0,0.00019694499999999997,494.86,7.475,0.7859,74.556,16.980000000000004,0.00010488000000000001,16.999
2927.6000000000004,0.10898999999999999,1.9979999999999998,1.8601,121.6,354.83000000000004,0.3393,4.11355,223.395,0.012891999999999999,8.190000000000001,109.38499999999999,18125.0,133.92,41.49600000000001,0.14832,4.4336,18981.0,1.82595,156.08499999999998,6.004e-13,8.814000000000002,1.3764e-5,2.134,612850.0,1.0287e-12,4.08,0.11049,2.7832e-5,6.67e-6,6.36e-5,18205.5,0.000263145,799.04,57.5,2.4661,68.888,24.055,0.00014628,18.336
5179.6,0.12628999999999999,56.276999999999994,7.391450000000001,91.19999999999999,173.53000000000003,2.77095,1.50745,26.695,0.049224000000000004,2.9250000000000003,125.75999999999999,95000.0,66.96,23.408,0.19158000000000003,4.009800000000001,10489.5,0.16835,503.59499999999997,1.3667000000000002e-12,7.956,3.922000000000001e-6,1.5840000000000003,284795.0,3.8100000000000004e-13,43.35,0.14876999999999999,6.3112e-5,4.5819999999999995e-6,0.0008267999999999999,21526.0,1.655e-5,18.16,53.474999999999994,0.7046000000000001,74.992,90.56,0.0003726,0.8594999999999999
4701.05,0.04498,24.308999999999997,8.6152,111.71999999999998,269.36,0.7728499999999999,3.7303,177.03,0.018459,9.36,101.525,8125.0,195.48,15.428000000000003,0.18128000000000002,1.5322,30136.5,0.47914999999999996,191.425,3.950000000000001e-14,8.892000000000001,5.106e-6,0.17600000000000002,461440.0,6.286500000000001e-13,32.64,0.04437,3.7631999999999995e-5,1.218e-6,0.0008745,21068.0,4.9649999999999994e-5,503.94,26.162499999999998,2.47965,23.98,67.92,0.0005133599999999999,3.0559999999999996
1154.1499999999999,0.15050999999999998,7.992,9.643149999999999,30.4,378.14000000000004,1.8096,1.6352000000000002,123.64,0.021974999999999998,0.82875,39.955000000000005,15000.0,56.16,43.358000000000004,0.23690000000000003,3.3904000000000005,29637.0,0.7899499999999999,50.065,7.031000000000001e-13,2.8080000000000003,2.516e-6,2.0130000000000003,569590.0,2.7241500000000003e-12,84.66,0.08265,6.8208e-5,4.06e-6,0.0009142499999999999,18434.5,0.00023666499999999997,481.23999999999995,52.900000000000006,1.1381999999999999,59.732000000000006,196.68500000000003,0.00050232,7.3534999999999995
731.8999999999999,0.057089999999999995,6.992999999999999,0.4895,98.79999999999998,512.82,1.56455,3.90915,73.06,0.007032,3.0225,114.625,41250.0,61.56,31.388000000000005,0.35226,4.107600000000001,18148.5,1.87775,185.53499999999997,4.898e-13,8.658000000000001,9.916e-6,0.5720000000000002,61285.0,1.0668e-12,70.38,0.14007,2.94e-5,6.147999999999999e-6,0.0002385,12938.5,0.00032272499999999994,72.64,7.7625,0.542,50.14,113.2,8.556000000000001e-5,13.083499999999999
3293.55,0.17127,41.291999999999994,4.650250000000001,117.03999999999999,139.86,3.07255,1.0731,139.095,0.028713999999999996,7.6537500000000005,64.845,97500.0,43.2,19.684,0.31930000000000003,5.770200000000001,10656.0,1.3986,409.355,9.164000000000002e-13,3.1200000000000006,1.4652e-5,0.8470000000000001,288400.0,2.64795e-12,92.82000000000001,0.06786,1.8816e-5,1.566e-6,0.00019875,5954.0,4.7995e-5,122.58,44.849999999999994,1.04335,64.09200000000001,137.25500000000002,0.00013523999999999999,19.099999999999998
2223.85,0.127155,60.939,7.19565,21.279999999999998,266.77000000000004,0.16965000000000002,3.3726000000000003,88.515,0.040141,4.6312500000000005,72.05000000000001,67500.0,139.32,51.870000000000005,0.17510000000000003,0.42380000000000007,22477.5,0.73815,170.81,3.8710000000000004e-13,4.446,1.1765999999999999e-5,1.4080000000000004,486675.0,1.8669e-12,63.24000000000001,0.038279999999999995,4.1552e-5,9.512e-6,8.745000000000001e-5,6984.5,2.8134999999999994e-5,231.54,52.6125,0.79945,11.772000000000002,185.365,0.00021528,4.1065000000000005
3659.5,0.15483499999999997,45.620999999999995,8.85995,132.24,458.43000000000006,3.3176,3.75585,141.905,0.047759,8.72625,73.36,65000.0,95.04,12.502000000000002,0.2987,4.9226,24975.0,1.3726999999999998,553.66,7.821e-13,13.494,1.4800000000000002e-6,1.0670000000000002,360500.0,2.7051e-12,89.25,0.16704,5.723199999999999e-5,2.8999999999999993e-6,0.0014309999999999998,16488.0,0.00017542999999999997,658.3000000000001,10.062499999999998,0.9349500000000001,67.58000000000001,241.96500000000003,0.00018216,13.6565
3490.6000000000004,0.16175499999999998,20.646,9.594199999999999,66.11999999999999,10.36,1.131,3.1937500000000005,12.645,0.024026,6.5325,130.345,47500.0,8.64,28.462000000000003,0.14214000000000002,4.7922,1665.0,2.3698499999999996,506.53999999999996,5.846000000000001e-13,1.7160000000000002,7.030000000000001e-6,2.1780000000000004,652505.0,1.3525500000000001e-12,83.13,0.07569000000000001,5.095999999999999e-5,6.785999999999999e-6,0.000795,17175.0,0.00028300499999999996,453.99999999999994,8.624999999999998,0.5149,31.828000000000003,212.25000000000003,1.932e-5,10.314
3631.3500000000004,0.16521499999999997,65.268,2.7411999999999996,137.56,279.72,0.1508,4.26685,77.275,0.035746,6.28875,123.14,43750.0,141.48,16.758000000000003,0.13596000000000003,0.6194000000000001,30969.0,0.6216,427.025,3.239e-13,0.8580000000000001,1.3912000000000002e-5,0.8030000000000002,594825.0,3.7338e-12,24.48,0.09483,2.3128000000000003e-5,6.9599999999999994e-6,0.00010334999999999999,12137.0,0.00018204999999999998,894.38,47.4375,0.1897,68.016,9.905000000000001,0.0002484,4.6795
1604.55,0.14185999999999999,35.297999999999995,8.4194,73.71999999999998,46.620000000000005,2.3374,4.21575,258.52,0.015822,4.5825,60.915,33750.0,89.64,19.418000000000003,0.3357800000000001,4.401000000000001,16983.0,2.21445,365.17999999999995,7.979000000000002e-13,14.040000000000001,9.62e-7,0.4290000000000001,165830.0,2.5336500000000002e-12,38.760000000000005,0.12527999999999997,1.9600000000000002e-5,8.119999999999998e-6,0.0012004499999999998,15457.5,0.00027803999999999996,308.71999999999997,49.45,1.2195,79.352,41.035,3.0360000000000004e-5,2.8649999999999998
5235.9,0.12975,26.64,5.2376499999999995,138.32,7.77,2.09235,4.62455,172.815,0.012306,7.84875,66.155,32500.0,47.52000000000001,27.930000000000007,0.25956,5.5746,30636.0,2.5382,250.32500000000005,1.4457e-12,11.310000000000002,1.3542e-5,1.1330000000000002,126175.0,3.1623e-12,43.86,0.01305,6.977599999999999e-5,1.5079999999999998e-6,0.00112095,15228.5,0.00016219,676.46,57.2125,2.5474,64.964,93.39,0.00039192000000000003,18.526999999999997
900.8,0.10206999999999998,7.326,5.1887,98.03999999999999,406.63000000000005,1.03675,4.47125,165.79000000000002,0.026956,8.53125,68.775,42500.0,96.12,32.452000000000005,0.026779999999999998,6.4874,5994.0,2.3957499999999996,344.56500000000005,5.135000000000001e-13,13.182000000000002,3.4040000000000004e-6,1.4960000000000002,551565.0,1.77165e-12,68.34,0.053939999999999995,7.0952e-5,1.1367999999999999e-5,3.975e-5,11908.0,6.950999999999998e-5,372.2799999999999,8.912499999999998,0.66395,14.388,52.355000000000004,0.00017388,8.595
4532.15,0.11936999999999998,14.985,1.2727000000000002,79.79999999999998,106.19000000000003,2.1866,4.8034,153.14499999999998,0.042778000000000004,7.02,48.470000000000006,19375.0,119.88000000000001,2.394,0.12772,0.9454000000000001,11988.0,2.1885499999999998,477.09000000000003,1.1297000000000001e-12,3.9780000000000006,6.068000000000001e-6,2.123,100940.0,3.6957e-12,42.84,0.05915999999999999,4.703999999999999e-6,2.5519999999999995e-6,0.00034185,5610.5,0.00016880999999999995,599.28,37.6625,1.8699000000000001,71.94,31.130000000000003,0.00021804,9.932
2336.4500000000003,0.04238499999999999,46.287,0.14685,66.88,455.84000000000003,3.6946,0.48545000000000005,275.38,0.014942999999999998,6.922499999999999,131.0,107500.0,25.92,10.906,0.26162,2.608,32634.0,2.0979,85.405,1.343e-12,9.750000000000002,5.698e-6,0.14300000000000002,511910.0,2.2098e-12,79.05,0.03132,1.3327999999999998e-5,8.351999999999999e-6,0.0015741,3664.0,0.00012908999999999997,295.09999999999997,12.362499999999997,2.3983499999999998,9.591999999999999,36.79,0.00023184,9.836500000000001
3068.3500000000004,0.11850499999999997,63.93599999999999,9.447349999999998,93.47999999999999,471.38000000000005,0.1131,3.9858,205.13,0.024905,0.24375,33.405,110000.0,31.32,7.448000000000001,0.10918,3.2274000000000003,1498.5,1.5669499999999998,521.265,1.3904000000000002e-12,3.5880000000000005,1.0138e-5,0.09900000000000002,356895.0,2.8575e-13,59.16000000000001,0.049589999999999995,6.5856e-5,6.322e-6,0.0012402,11793.5,8.605999999999997e-5,254.24,46.287499999999994,2.5745,4.36,226.4,0.0002898,5.2524999999999995
2899.45,0.11677499999999998,60.272999999999996,4.111800000000001,60.04,25.900000000000002,2.39395,1.8140500000000002,129.26,0.026663,3.9487500000000004,99.56,36250.0,68.03999999999999,23.94,0.29046000000000005,5.248600000000001,25141.5,2.03315,167.865,1.3114e-12,15.522000000000002,7.622e-6,1.078,483070.0,3.18135e-12,72.42,0.032189999999999996,1.2152e-5,1.102e-6,0.0009619499999999999,16259.0,0.00020521999999999996,508.47999999999996,6.0375000000000005,2.31705,41.856,234.89000000000004,0.00046644000000000004,9.2635
2871.3,0.06746999999999999,19.98,0.3916,3.8,38.85,0.4147,1.2264,245.87500000000003,0.044829,3.2175000000000002,26.854999999999997,92500.0,201.96,15.162,0.22248000000000004,4.5314000000000005,6327.0,2.4087,297.445,8.690000000000001e-14,2.3400000000000003,5.402000000000001e-6,0.37400000000000005,364105.0,1.8288e-12,45.39000000000001,0.15225,1.176e-6,5.336e-6,0.00155025,18892.5,0.000302865,422.21999999999997,20.412499999999998,2.28995,43.6,21.225,0.00022908,11.5555
140.75,0.032869999999999996,64.269,4.0139,77.51999999999998,388.5,1.2441,1.1242,254.305,0.015235999999999998,5.60625,112.66,76875.0,174.96,16.226,0.01648,5.5094,12654.0,1.3338499999999998,450.585,1.0981e-12,12.246000000000002,8.806e-6,1.8590000000000002,338870.0,3.63855e-12,10.71,0.15833999999999998,2.8616e-5,3.1319999999999994e-6,0.0009063,9389.0,0.00025487,690.08,18.4,2.4932,78.48,249.04000000000002,0.00017111999999999997,3.7244999999999995
2702.4,0.026814999999999995,51.28199999999999,5.4824,114.75999999999998,416.99,2.6578500000000003,0.53655,60.415,0.014357,7.458749999999999,35.370000000000005,101875.0,108.0,35.11200000000001,0.39758,4.238,31135.5,0.6345500000000001,282.72,5.293000000000001e-13,2.652,1.3690000000000001e-5,2.057,90125.0,6.477000000000001e-13,46.92000000000001,0.007829999999999998,9.016e-6,1.0846e-5,0.00026235,9160.0,0.00028466,794.5000000000001,45.712500000000006,2.26285,69.76,257.53000000000003,0.00035328,13.465499999999999
337.8,0.10379999999999999,41.958,0.2937,31.919999999999998,36.260000000000005,2.95945,4.93115,202.32000000000002,0.048638,8.775,43.230000000000004,61875.0,116.64,30.856000000000005,0.06592,3.7164000000000006,15817.5,0.9324,315.115,1.4141e-12,5.46,5.328000000000001e-6,0.9350000000000002,162225.0,7.0485e-13,18.36,0.07482,7.4872e-5,4.1759999999999995e-6,0.0013753499999999998,16030.0,0.00023500999999999993,258.78,32.2,1.3549999999999998,30.956000000000003,251.87000000000003,0.000552,15.28
422.24999999999994,0.1384,28.638,9.4963,86.63999999999999,191.66000000000003,2.7144,2.93825,5.620000000000001,0.007617999999999999,9.165000000000001,19.65,31875.0,135.0,41.230000000000004,0.047380000000000005,4.3684,3496.5,2.1626499999999997,212.04000000000002,2.6070000000000004e-13,3.4320000000000004,4.884e-6,2.0020000000000002,620060.0,5.715e-13,41.31,0.10179,4.978399999999999e-5,5.046e-6,0.00015900000000000002,1946.5,0.00018866999999999997,644.68,2.3,1.4905,81.096,144.33,0.00025392000000000004,8.881499999999999
2083.1,0.012109999999999998,12.654,4.2097,9.879999999999999,142.45000000000002,3.3741499999999998,4.52235,210.75000000000003,0.028421,2.7300000000000004,7.860000000000001,93750.0,154.44,42.82600000000001,0.0412,3.3252,7492.5,2.1496999999999997,244.435,1.1218000000000001e-12,1.794,8.288e-6,0.7590000000000001,25235.0,1.5621000000000002e-12,66.81,0.045239999999999995,6.624799999999999e-5,3.3639999999999995e-6,0.0010811999999999998,11335.5,0.00021514999999999997,286.02,25.587499999999995,2.3577,3.4880000000000004,158.48000000000002,0.00035052,12.5105
1773.45,0.10639499999999999,17.316,1.0769,31.159999999999997,220.15000000000003,1.885,4.3690500000000005,276.785,0.023146999999999997,6.19125,79.91,95625.0,159.84,36.708,0.08652,1.4996,15984.0,1.8648,480.035,1.0428000000000002e-12,0.39,1.332e-5,1.7930000000000004,248745.0,9.525e-14,86.19,0.12354,1.2543999999999999e-5,7.0179999999999996e-6,0.0008109,13969.0,0.00014232999999999997,889.8399999999999,42.2625,0.23035,34.008,278.755,0.00019044,9.55
1069.6999999999998,0.08476999999999997,60.605999999999995,2.00695,123.11999999999999,499.87000000000006,2.262,3.0149,108.185,0.037504,4.875,32.095,13750.0,32.400000000000006,32.98400000000001,0.16274000000000002,4.5966000000000005,9657.0,1.95545,232.65500000000003,9.401e-13,15.600000000000001,9.472e-6,0.9790000000000002,681345.0,7.62e-14,16.32,0.03306,5.4879999999999996e-5,8.177999999999999e-6,0.000636,15343.0,0.00010426499999999998,417.68,24.149999999999995,2.69645,76.3,29.715000000000003,0.00010212,0.6684999999999999
5151.45,0.030274999999999993,30.968999999999998,1.3706,100.31999999999998,290.08000000000004,1.79075,3.2448500000000005,36.53,0.055670000000000004,6.09375,29.474999999999998,109375.0,118.8,9.576,0.03914,2.6732,1332.0,1.1655,535.99,1.1060000000000002e-13,9.984000000000002,2.96e-7,1.3640000000000003,263165.0,8.001000000000001e-13,32.13,0.07395,3.3712e-5,1.8559999999999999e-6,0.00043725,4465.5,0.00011253999999999998,553.88,31.049999999999997,2.2763999999999998,78.044,22.64,0.00020699999999999996,15.9485
2674.25,0.09168999999999998,31.635,8.0278,59.28,93.24000000000001,2.73325,1.6863000000000001,243.065,0.004395,2.535,52.4,30625.0,52.92,7.980000000000001,0.27604,3.749,19147.5,0.53095,35.34,1.5721000000000001e-12,7.878,1.85e-6,0.05500000000000001,717395.0,9.906e-13,28.05,0.08874,4.312e-5,3.5959999999999995e-6,0.00127995,17633.0,0.00031444999999999997,812.66,2.875,0.7588,17.004,83.485,6.9e-5,6.302999999999999
3152.8,0.04324999999999999,39.626999999999995,7.8809499999999995,118.55999999999999,450.66,1.0744500000000001,1.86515,233.23,0.015528999999999998,3.51,104.145,73750.0,176.04,25.270000000000003,0.32754,1.2714,28471.5,0.8547,8.835,7.900000000000001e-13,11.076000000000002,3.1820000000000006e-6,1.9360000000000004,522725.0,1.9812e-12,47.43000000000001,0.14703,3.528e-6,6.902e-6,0.0014468999999999999,12709.5,0.00018701499999999998,594.74,53.1875,0.33875,6.540000000000001,166.97000000000003,0.00048852,14.993500000000001
5010.7,0.021625,59.94,6.90195,67.63999999999999,473.9700000000001,0.54665,1.7374,164.385,0.002051,1.6575,14.410000000000002,120625.0,143.64000000000001,26.866000000000003,0.30488000000000004,2.7058,25641.0,2.2533,447.64,8.058000000000001e-13,7.254,1.184e-6,2.024,104545.0,2.0955e-12,17.85,0.08178,7.447999999999999e-6,1.6239999999999998e-6,0.0002544,8587.5,5.9579999999999995e-5,104.42,19.8375,0.20325000000000004,61.912,28.300000000000004,0.00038364000000000003,8.022
3575.05,0.020759999999999997,63.26999999999999,2.0559,150.48,199.43000000000004,2.4882,0.3832500000000001,171.41000000000003,0.014064,4.485,87.77,15625.0,74.52,17.822000000000003,0.20394,6.324400000000001,31968.0,1.85185,350.455,1.422e-12,14.508000000000003,8.140000000000001e-7,0.3520000000000001,43260.0,1.20015e-12,49.470000000000006,0.07743000000000001,9.407999999999999e-6,1.0439999999999999e-6,0.00048495,20037.5,8.109499999999998e-5,885.3000000000001,44.5625,0.4336,27.904,175.46000000000004,0.00030084,15.5665
1998.6499999999999,0.09687999999999998,52.281,9.692099999999998,49.4,463.61000000000007,2.5259,4.77785,59.010000000000005,0.012013,8.82375,56.33,16250.0,5.4,25.802000000000003,0.23484000000000002,2.0538000000000003,30469.5,0.44029999999999997,471.2,1.0586000000000002e-12,6.786,6.438000000000001e-6,0.9680000000000001,432600.0,2.34315e-12,55.59,0.14615999999999998,7.2128e-5,5.394e-6,0.00032595,15114.0,7.778499999999999e-5,617.44,50.025000000000006,2.20865,20.492,227.81500000000005,0.00035604,18.813499999999998
4109.9,0.06054999999999999,16.983,8.1257,95.76,202.02000000000004,0.05655,3.44925,113.80499999999999,0.019045,8.0925,83.84,18750.0,124.2,48.67800000000001,0.13802,3.6186000000000003,21312.0,0.11655,435.85999999999996,4.187e-13,6.474,4.292000000000001e-6,1.5730000000000004,205485.0,3.81e-12,83.64,0.03567,6.899199999999999e-5,3.3059999999999993e-6,0.00040545,22785.5,7.612999999999998e-5,90.8,8.049999999999999,1.4634,84.58400000000002,208.00500000000002,0.00040572000000000004,9.359
1632.7,0.173,22.311,8.713099999999999,7.6,461.02000000000004,1.30065,0.2044,99.75500000000001,0.032816,8.969999999999999,115.28000000000002,28750.0,113.4,5.852,0.28634000000000004,3.0318,27139.5,1.1914,329.84,2.291e-13,4.29,6.1420000000000015e-6,0.4730000000000001,558775.0,1.73355e-12,44.88000000000001,0.05742,7.0168e-5,4.871999999999999e-6,0.0014627999999999998,6297.5,0.00012246999999999998,145.28,45.425,2.2493,55.372,240.55000000000004,0.0005271599999999999,12.8925
2167.55,0.08217499999999998,47.61899999999999,5.04185,131.48,442.89000000000004,1.48915,1.9418,230.42,0.021389,0.48750000000000004,100.21499999999999,50000.0,20.52,38.03800000000001,0.32548000000000005,2.8688,2664.0,2.1108499999999997,494.76000000000005,2.7650000000000003e-13,1.6380000000000003,2.1460000000000003e-6,0.7040000000000002,281190.0,1.3335000000000001e-12,20.91,0.13572,5.2136e-5,6.38e-6,0.00135945,13167.5,0.00013736499999999997,13.620000000000001,27.8875,0.29810000000000003,84.14800000000001,224.985,0.00043056,16.139499999999998
1688.9999999999998,0.05881999999999999,43.955999999999996,6.5592999999999995,91.96,69.93,3.22335,4.01135,16.86,0.036332,6.581250000000001,110.04,36875.0,189.0,46.55,0.35020000000000007,4.1728000000000005,16150.5,0.6475,123.69000000000001,9.48e-13,3.6660000000000004,6.882000000000001e-6,1.5510000000000004,576800.0,3.048e-13,2.55,0.07308,4.4296e-5,3.0739999999999997e-6,0.0012242999999999998,1717.5,0.00017377499999999998,54.47999999999999,30.7625,2.0054,38.368,63.675000000000004,5.796000000000001e-5,8.786
3912.8500000000004,0.0173,2.331,8.370449999999998,115.52,313.39000000000004,3.6191999999999998,3.50035,42.15,0.033109,8.04375,34.715,75000.0,90.72,45.486000000000004,0.34608000000000005,4.4662,4828.5,0.6992999999999999,300.39,1.1929e-12,2.7300000000000004,5.624000000000001e-6,1.0340000000000003,194670.0,1.9431e-12,93.84,0.027839999999999997,5.879999999999999e-5,4.292e-6,0.0005247,21984.0,9.102499999999999e-5,449.4599999999999,39.1,2.0460499999999997,64.528,33.96,0.00019872,1.8145
1942.3499999999997,0.002595,42.623999999999995,9.006799999999998,147.44,398.86000000000007,2.1112,3.6281000000000003,262.735,0.004980999999999999,1.2674999999999998,126.415,35000.0,177.12,40.964,0.24514000000000002,5.6072,21145.5,0.03885,353.4,3.476e-13,6.708,9.694e-6,0.08800000000000001,529935.0,7.620000000000001e-13,30.6,0.08439,4.5472e-5,3.0159999999999996e-6,0.0009381,22098.5,0.00028135,653.76,1.725,2.3306,16.568,96.22,0.00032844000000000005,1.7189999999999999
4222.5,0.10293499999999997,40.29299999999999,4.4055,28.119999999999997,160.58000000000004,2.1489000000000003,3.6025500000000004,160.17,0.0023439999999999997,6.045,86.46000000000001,112500.0,72.36,12.236,0.20600000000000002,3.5860000000000003,26473.5,0.2072,474.14500000000004,1.0665e-12,10.686000000000002,4.366000000000001e-6,0.13200000000000003,385735.0,2.07645e-12,66.3,0.13659,1.6072e-5,2.6679999999999993e-6,0.0012719999999999997,1259.5,0.00029293499999999997,349.58,14.662499999999998,2.1951,15.696,12.735000000000001,0.00047748,5.634499999999999
2364.6,0.06919999999999998,21.312,4.16075,133.0,310.80000000000007,0.754,2.12065,15.455,0.019923999999999997,1.0725,15.719999999999999,41875.0,190.08,11.704000000000002,0.030900000000000004,5.6398,11488.5,1.0101,120.745,1.185e-13,14.118,3.478e-6,0.8360000000000002,144200.0,2.4765e-12,54.06,0.06003,2.1560000000000004e-5,1.102e-5,0.0013117499999999998,22671.0,0.00019859999999999998,217.92000000000002,35.9375,0.271,39.24,74.995,0.0004278,11.651
5573.7,0.006919999999999998,14.652000000000001,0.6853,61.56,230.51000000000002,2.58245,1.25195,224.79999999999998,0.022560999999999998,3.9,18.995,85625.0,213.84,44.42200000000001,0.24102000000000004,4.042400000000001,22977.0,1.10075,568.385,1.659e-13,12.870000000000003,1.776e-6,1.9910000000000003,158620.0,3.6195000000000004e-13,86.69999999999999,0.17313,5.5663999999999994e-5,4.756e-6,0.0011129999999999998,17060.5,8.936999999999998e-5,326.87999999999994,37.375,0.82655,51.448,203.76000000000002,0.00038088000000000005,14.706999999999999
2308.3,0.051899999999999995,12.987,2.1538,89.67999999999999,445.4800000000001,1.5834000000000001,1.9929,56.199999999999996,0.047466,4.5337499999999995,20.959999999999997,117500.0,11.879999999999999,47.614000000000004,0.06386000000000001,1.3366,23809.5,0.8288,76.57,1.738e-13,7.7219999999999995,8.51e-6,1.4190000000000003,64890.0,2.7432000000000003e-12,2.04,0.00957,1.4503999999999999e-5,1.7399999999999999e-6,0.00011925,17518.5,3.309999999999999e-5,227.0,16.3875,1.3821,36.188,246.21000000000004,1.1040000000000001e-5,12.606000000000002
4335.1,0.08131,61.60499999999999,0.73425,135.28,132.09000000000003,3.14795,4.2924,203.725,0.046001,8.33625,42.575,63750.0,59.400000000000006,52.668000000000006,0.09476,0.5868000000000001,8824.5,0.84175,459.42,4.503e-13,14.274000000000001,9.324000000000001e-6,0.7480000000000001,241535.0,1.3906500000000001e-12,44.37000000000001,0.17051999999999998,6.1152e-5,2.0299999999999996e-6,9.539999999999999e-5,7786.0,0.000296245,140.74,56.349999999999994,2.34415,42.72800000000001,25.47,0.00046092,14.4205
2843.1499999999996,0.12542499999999998,1.3319999999999999,7.48935,92.71999999999998,64.75,0.13195,0.22995000000000002,50.58,0.034867,7.5075,3.93,116250.0,191.16,17.290000000000003,0.17304,3.0970000000000004,26640.0,2.34395,288.60999999999996,5.056000000000001e-13,4.056,1.2728e-5,0.38500000000000006,72100.0,3.60045e-12,87.72000000000001,0.09831000000000001,6.664e-5,1.16e-5,0.0014071499999999998,15915.5,0.00020356499999999998,562.96,54.05,1.1111,35.751999999999995,121.69000000000001,9.659999999999999e-5,5.7299999999999995
3997.3,0.128885,62.93699999999999,5.384499999999999,85.11999999999999,365.19000000000005,2.54475,2.7338500000000003,227.61,0.011427,3.9975000000000005,49.125,34375.0,170.64000000000001,34.31400000000001,0.16480000000000003,4.727,2164.5,0.518,312.17,5.530000000000001e-13,11.856,1.0508000000000002e-5,1.1440000000000001,198275.0,2.8765500000000003e-12,96.39,0.12875999999999999,1.176e-5,8.119999999999999e-7,0.00022260000000000002,18778.0,0.00010095499999999998,780.88,33.35,1.626,2.616,237.72000000000003,0.00033396,8.6905
3406.1499999999996,0.08303999999999997,19.314,4.992900000000001,41.800000000000004,33.67,0.5655,0.15330000000000002,91.325,0.040434,9.21375,118.55499999999999,33125.0,182.51999999999998,25.004,0.11948,0.489,2497.5,0.27194999999999997,547.77,8.453e-13,11.934000000000003,6.586e-6,0.7920000000000001,519120.0,3.6576e-12,99.44999999999999,0.1044,2.3520000000000002e-5,2.9e-7,0.0012640499999999999,17404.0,6.619999999999999e-6,776.3399999999999,51.175,2.1544499999999998,70.196,72.16499999999999,0.00030636,10.123
3349.8500000000004,0.11071999999999999,49.61699999999999,4.4544500000000005,145.16,134.68000000000004,1.6965000000000001,1.022,216.36999999999998,0.009961999999999999,5.362500000000001,71.395,123125.0,48.60000000000001,13.566000000000003,0.21424,2.5102,17815.5,0.66045,291.55499999999995,1.2008000000000003e-12,0.31200000000000006,6.5120000000000005e-6,0.11000000000000001,659715.0,1.31445e-12,19.89,0.11657999999999999,2.7439999999999998e-5,8.757999999999998e-6,0.00053265,687.0,1.8204999999999996e-5,49.94,22.1375,2.1409,27.032,195.27000000000004,0.00036156000000000003,17.953999999999997
2617.9500000000003,0.09947499999999998,13.653,7.832,151.24,194.25,1.0933000000000002,3.8836,35.125,0.009082999999999999,5.655,123.795,20000.0,152.28,37.24000000000001,0.08034000000000001,2.7710000000000004,23143.5,2.0461,538.9350000000001,1.343e-13,2.262,5.032e-6,1.1880000000000004,346080.0,2.15265e-12,39.78000000000001,0.15050999999999998,2.5088e-5,2.6099999999999996e-6,0.0011607,5725.0,0.00026810999999999995,404.05999999999995,9.487499999999999,0.5284500000000001,86.328,151.40500000000003,0.00053544,18.431499999999996
3265.3999999999996,0.12282999999999998,5.994,0.7832,53.2,424.76000000000005,3.5438,0.40880000000000005,144.715,0.038383,2.4375,75.98,21875.0,131.76,31.654000000000003,0.19364,4.9552000000000005,14319.0,0.8158500000000001,530.1,1.2323999999999999e-12,8.112,8.14e-6,1.9470000000000005,378525.0,4.7625e-13,64.26,0.09570000000000001,1.4895999999999998e-5,9.685999999999998e-6,3.18e-5,343.5,0.000279695,880.76,56.925,2.2222,83.276,138.67000000000002,0.00011316000000000001,17.380999999999997
2786.8500000000004,0.013839999999999998,0.999,6.2656,107.91999999999999,178.71,0.6408999999999999,1.30305,92.73,0.036625,7.897500000000001,66.81,84375.0,39.96000000000001,5.054,0.35844000000000004,1.9886000000000001,17482.5,0.0518,497.705,2.449e-13,8.346000000000002,1.4282000000000001e-5,0.18700000000000003,259560.0,3.48615e-12,15.81,0.0348,2.4304e-5,2.3199999999999999e-7,0.00013515,15801.0,7.943999999999998e-5,621.98,54.337500000000006,0.60975,9.156,230.64500000000004,0.00043884,0.573
4306.95,0.025084999999999996,42.291,5.5803,96.52,484.33000000000004,2.35625,4.16465,189.67499999999998,0.042485,3.2662500000000003,53.71000000000001,20625.0,12.96,36.44200000000001,0.07622,1.141,13320.0,0.1036,106.02000000000001,1.0507000000000002e-12,3.2760000000000002,1.1914e-5,1.6500000000000004,18025.0,8.572500000000001e-13,70.89,0.0435,1.5288e-5,1.0904e-5,0.0005723999999999999,7099.0,0.000286315,463.08,39.9625,1.9241,54.064,178.29000000000002,0.00016283999999999998,10.791500000000001
1266.75,0.06573999999999999,59.60699999999999,1.71325,136.04,103.60000000000002,1.4514500000000001,1.3797000000000001,221.99,0.00879,0.2925,85.80499999999999,59375.0,142.56,8.778,0.21630000000000002,3.9120000000000004,22810.5,2.0202,453.53,1.3746e-12,13.026000000000002,3.848e-6,0.9130000000000001,468650.0,6.096e-13,14.79,0.05307,1.0976e-5,9.279999999999999e-7,0.0006519,2977.0,0.000259835,36.32,15.812499999999998,1.4498499999999999,15.26,283.0,0.0005382,15.3755
985.25,0.09341999999999999,18.980999999999998,2.3496,25.080000000000002,18.130000000000003,3.26105,0.8176000000000001,8.43,0.01172,8.92125,37.335,56875.0,22.68,45.75200000000001,0.0103,1.8582,28138.5,2.1237999999999997,382.85,9.322e-13,15.288,1.3098e-5,0.154,292005.0,1.50495e-12,80.58,0.15747,4.8608e-5,8.584e-6,0.0006201,4007.5,0.00017873999999999999,522.1,12.649999999999999,0.9891500000000001,77.172,107.54,0.00050784,1.91
2561.65,0.012974999999999999,32.634,7.97885,3.04,393.68000000000006,3.2799,3.55145,82.895,0.017286999999999997,9.6525,47.815,121875.0,130.67999999999998,43.092,0.21836000000000005,4.2706,9157.5,0.25899999999999995,138.41500000000002,4.7400000000000005e-14,4.367999999999999,1.1544e-5,0.8690000000000001,219905.0,9.7155e-13,97.41,0.14354999999999998,2.1952000000000003e-5,4.814e-6,0.0010017,17976.5,8.440499999999999e-5,544.8000000000001,4.8875,1.66665,7.848,62.260000000000005,0.00020424,17.476499999999998
4081.75,0.059684999999999995,52.614,9.54525,94.23999999999998,101.00999999999999,1.4703000000000002,1.6096500000000002,247.28,0.000879,5.9475,67.465,68125.0,199.8,22.610000000000003,0.13184,0.5542,15318.0,1.2173,326.895,1.817e-13,0.78,1.924e-6,1.3530000000000004,450625.0,8.382e-13,24.990000000000002,0.09396,9.8e-6,4.002e-6,0.0001113,14656.0,0.00024328499999999993,245.16,20.987499999999997,1.23305,62.784000000000006,233.475,0.00044712000000000007,1.6235
1548.2499999999998,0.16780999999999996,28.305,1.4195499999999999,69.91999999999999,113.96000000000001,0.7917,2.7594000000000003,98.35,0.054205,0.9750000000000001,56.985,74375.0,24.840000000000003,13.3,0.18746000000000004,1.7278000000000002,6993.0,1.3209,150.195,4.266e-13,8.424000000000001,1.1692e-5,0.49500000000000005,465045.0,2.4383999999999998e-12,5.609999999999999,0.17400000000000002,1.9992e-5,6.089999999999999e-6,0.0011765999999999999,10305.0,2.4824999999999997e-5,903.46,21.849999999999998,2.64225,31.392,53.77,0.00016835999999999997,3.3425
1829.7499999999998,0.08995999999999998,26.307,2.2517,72.19999999999999,341.88000000000005,0.43355,3.0915500000000002,252.9,0.056549,9.408750000000001,24.234999999999996,44375.0,155.51999999999998,17.556,0.03708,0.35860000000000003,8158.5,2.08495,214.985,1.0270000000000002e-13,6.318,1.147e-5,1.4410000000000003,537145.0,1.96215e-12,81.6,0.12441,3.6064e-5,3.944e-6,0.0002703,16831.5,0.00016549999999999998,467.61999999999995,2.5875,1.2466,72.376,217.91000000000003,9.108000000000002e-5,16.5215
3040.2,0.00865,6.66,3.5244,51.67999999999999,357.42,2.6013,1.76295,49.175000000000004,0.031644,3.315,12.445,65625.0,144.72,21.28,0.40994,5.7376000000000005,19813.5,2.3827999999999996,379.905,4.74e-13,5.694,3.034e-6,1.4520000000000002,508305.0,3.0861000000000004e-12,82.62,0.01479,4.664799999999999e-5,5.8e-7,0.00039749999999999996,19808.5,0.00012081499999999997,549.34,22.425,2.58805,14.824,60.845000000000006,0.00048300000000000003,14.229500000000002
3518.75,0.14878,21.977999999999998,4.7971,81.32,308.21000000000004,0.4524,2.32505,200.91500000000002,0.012598999999999999,9.70125,1.965,46875.0,185.76000000000002,39.102000000000004,0.17098000000000002,2.8362,17149.5,1.2691,359.28999999999996,1.4378000000000002e-12,15.366000000000003,1.4578e-5,1.7160000000000002,266770.0,3.2766e-12,78.54,0.026969999999999997,5.7623999999999996e-5,8.7e-6,0.0001272,10648.5,0.00015391499999999997,567.5,30.187499999999996,0.58265,41.42,114.615,0.00025944,6.5895
2477.2000000000003,0.07179499999999998,1.665,2.39855,139.07999999999998,186.48000000000002,3.2045,1.96735,259.925,0.033988,1.755,4.585000000000001,11250.0,194.4,18.62,0.02472,1.1084,9990.0,0.34964999999999996,241.49,6.320000000000001e-14,12.948000000000002,1.4134e-5,1.3860000000000003,302820.0,9.3345e-13,3.5700000000000003,0.06960000000000001,3.0576e-5,1.0381999999999998e-5,7.950000000000001e-5,12366.0,7.447499999999998e-5,703.6999999999999,24.437499999999996,0.6233000000000001,65.4,274.51,0.00039468,3.1514999999999995
591.15,0.153105,61.27199999999999,3.6223,12.159999999999998,391.09000000000003,0.32045,2.17175,67.44,0.052154000000000006,2.19375,105.455,58750.0,55.08,22.078,0.17716000000000004,5.3464,21478.5,1.1137,465.31,1.3272000000000002e-12,9.360000000000001,1.1174e-5,1.3750000000000004,295610.0,2.19075e-12,74.46,0.16791,3.8416e-5,3.5379999999999994e-6,0.0009699,4580.0,0.00024825,45.4,23.575,2.1138,17.44,193.85500000000005,0.0004554,8.1175
1379.35,0.14618499999999998,64.602,4.84605,38.0,62.160000000000004,2.13005,2.0951,241.66000000000003,0.029299999999999996,0.7312500000000001,10.48,64375.0,110.16,33.78200000000001,0.22042000000000003,6.2592,29470.5,1.9036499999999998,253.26999999999998,1.4220000000000002e-13,14.742000000000003,7.474000000000001e-6,1.1220000000000003,721000.0,1.4097000000000001e-12,94.35,0.16094999999999998,3.2536e-5,6.844e-6,0.0012560999999999998,7557.0,3.8064999999999996e-5,785.4200000000001,55.4875,0.1355,7.412,26.885000000000005,0.00015732,8.213000000000001
4982.55,0.158295,24.642,4.74815,55.480000000000004,28.490000000000002,3.4684,3.9347,81.49,0.028128,2.34,54.365,10000.0,136.07999999999998,6.384,0.10094000000000002,1.6626,17316.0,0.4661999999999999,144.305,1.5326000000000002e-12,0.23400000000000004,2.2940000000000004e-6,1.4630000000000003,630875.0,2.5527e-12,3.06,0.13746,4.3904e-5,9.743999999999999e-6,0.00088245,20839.0,6.785499999999998e-5,172.52,17.537499999999998,1.8292499999999998,71.504,222.15500000000003,0.00042228000000000003,15.853000000000002
1745.3,0.089095,50.949,8.811,152.0,362.6,2.62015,3.80695,250.09,0.052447,4.92375,104.80000000000001,17500.0,78.83999999999999,0.798,0.06798,0.3912,13819.5,2.00725,418.19000000000005,1.4931000000000002e-12,5.226,3.996e-6,0.22000000000000003,108150.0,2.49555e-12,46.41000000000001,0.01218,2.1168e-5,1.0556e-5,0.0010255499999999999,10534.0,0.00013570999999999996,612.9000000000001,56.0625,1.5311499999999998,13.08,39.62,0.0002346,6.207499999999999
5629.999999999999,0.07698499999999998,48.951,4.06285,48.64000000000001,222.74000000000004,2.4128,3.2959500000000004,89.92,0.03516,1.365,28.165,25000.0,187.92000000000002,28.994000000000003,0.4120000000000001,6.063600000000001,30303.0,0.94535,565.44,1.1534000000000001e-12,13.104000000000001,8.214e-6,0.198,252350.0,2.95275e-12,17.34,0.04263,6.7424e-5,3.48e-7,0.0007552500000000001,14885.0,0.00029955499999999996,435.84,41.4,1.09755,68.452,202.34500000000003,5.520000000000001e-5,15.661999999999999
2589.8,0.09774499999999998,8.991,5.92295,11.399999999999999,168.35000000000002,3.29875,2.4528,95.54,0.053033000000000004,7.117500000000001,80.565,125000.0,149.04,18.354000000000003,0.30282000000000003,5.476800000000001,999.0,0.58275,88.35,1.501e-13,13.884000000000002,4.6620000000000004e-6,1.8480000000000003,118965.0,2.11455e-12,100.47000000000001,0.09309,6.663999999999999e-6,7.888e-6,0.0011368499999999998,1145.0,0.000124125,635.6,11.5,1.1653,21.364,244.79500000000002,9.936000000000001e-5,5.347999999999999
3209.1000000000004,0.10120499999999998,39.294,7.68515,45.6,261.59000000000003,2.9406,0.07665000000000001,68.845,0.047173,8.4825,129.69,57500.0,117.72,19.950000000000003,0.15038,4.694400000000001,18315.0,0.5957,194.37,1.2798e-12,4.68,1.2358000000000001e-5,2.112,349685.0,8.763e-13,88.74000000000001,0.05133,5.096e-6,2.2039999999999996e-6,0.0011288999999999997,5038.0,0.00023335499999999995,108.96,43.7,0.55555,35.316,70.75,0.00045816000000000005,13.561
4504.0,0.12023499999999997,21.645,3.18175,133.76,305.62,3.6003499999999997,4.7012,209.345,0.010254999999999998,3.55875,9.825000000000001,101250.0,211.67999999999998,3.724,0.24926,1.5974,7326.0,1.5280999999999998,356.34499999999997,7.110000000000001e-14,11.544,3.3300000000000003e-6,0.12100000000000002,273980.0,1.00965e-12,50.49,0.12267000000000002,3.5672e-5,5.452e-6,0.0004134,3435.0,1.324e-5,671.9200000000001,16.9625,1.4092,73.248,168.38500000000002,0.0005105999999999999,6.7805
816.3499999999999,0.03633,30.303,5.9719,79.03999999999999,510.2300000000001,3.56265,1.6607500000000002,167.195,0.021682,7.3125,25.544999999999998,110625.0,104.75999999999999,14.364000000000003,0.29458,3.1622,13486.5,0.42734999999999995,23.56,7.742000000000001e-13,5.85,4.958000000000001e-6,1.1110000000000002,454230.0,3.4290000000000003e-13,6.629999999999999,0.1131,7.5656e-5,9.627999999999998e-6,0.0014946,6870.0,0.00017708499999999995,853.52,11.212499999999999,1.69375,72.812,73.58,3.864e-5,5.443499999999999
1294.8999999999999,0.15397,3.3299999999999996,8.2236,36.480000000000004,12.95,0.6786,4.7523,11.24,0.030471999999999996,6.3862499999999995,98.25,69375.0,79.91999999999999,43.890000000000015,0.34402000000000005,3.5208000000000004,28971.0,1.7352999999999998,117.8,1.2719000000000003e-12,7.800000000000001,9.250000000000001e-6,0.8910000000000002,425390.0,2.8384500000000003e-12,22.950000000000003,0.00435,4.115999999999999e-5,1.16e-6,0.00050085,14770.5,6.619999999999998e-5,408.59999999999997,10.6375,0.0813,60.168,84.9,0.00036983999999999997,17.762999999999998
1210.4499999999998,0.13147999999999999,48.285,8.46835,104.11999999999999,271.95000000000005,0.9990499999999999,2.58055,25.29,0.029006999999999995,7.361250000000001,45.195,98750.0,184.67999999999998,27.132000000000005,0.12360000000000002,2.2168,12487.5,1.6317,347.50999999999993,6.083000000000001e-13,4.914,7.1780000000000006e-6,1.5950000000000004,663320.0,3.71475e-12,71.91,0.06438,2.5872e-5,9.28e-6,0.0014230499999999997,3778.5,9.598999999999998e-5,726.4,22.712499999999995,1.12465,23.544000000000004,161.31000000000003,0.00020976,4.8705
197.05,0.07957999999999998,10.323,1.51745,18.24,124.32,1.7719,0.3577,162.98,0.025491,0.5850000000000001,28.819999999999997,58125.0,147.96,40.432,0.28428000000000003,3.3578000000000006,32134.5,0.45324999999999993,341.62,1.2245e-12,3.5100000000000002,1.184e-5,0.5280000000000001,367710.0,3.5433e-12,40.800000000000004,0.12006,5.9192e-5,3.421999999999999e-6,0.00059625,14083.5,9.929999999999999e-5,167.98,2.0125,2.71,24.852,215.08,8.004000000000001e-5,9.168000000000001
281.5,0.08044499999999999,15.984,6.4614,19.759999999999998,344.4700000000001,1.14985,4.72675,33.72,0.014649999999999998,8.6775,62.88,88125.0,15.12,34.58,0.35432,4.2054,31302.0,0.32375,394.63,1.1060000000000001e-12,2.184,1.0804e-5,1.177,32445.0,1.88595e-12,7.65,0.12614999999999998,6.272e-6,9.975999999999999e-6,0.0011447999999999999,17747.5,0.000319415,472.15999999999997,0.8625,2.45255,52.32,120.275,0.00027048,7.066999999999999
2758.7,0.16348499999999996,44.622,9.1047,142.12,287.49,3.03485,2.7083000000000004,133.475,0.03223,7.06875,93.00999999999999,53125.0,210.60000000000002,21.812,0.15656000000000003,0.9128000000000001,20479.5,0.7769999999999999,182.58999999999997,1.2403e-12,13.572000000000001,4.44e-7,0.7700000000000001,46865.0,3.6195000000000005e-12,75.47999999999999,0.04002,7.643999999999999e-5,5.916e-6,0.0004929,21182.5,0.00028796999999999997,753.6400000000001,20.7,0.32520000000000004,87.2,280.16999999999996,6.624e-5,16.330499999999997
112.6,0.09601499999999998,37.629,5.7761,41.04,468.7900000000001,1.97925,3.85805,130.665,0.008204,8.14125,127.725,73125.0,86.4,20.216000000000005,0.38316,2.1842,11322.0,0.22015,226.765,1.3351000000000002e-12,10.14,4.070000000000001e-6,1.9690000000000005,616455.0,1.08585e-12,8.67,0.10614,7.6048e-5,1.0614e-5,0.00067575,20953.5,0.00013405499999999998,721.86,47.150000000000006,2.37125,21.800000000000004,106.125,0.00040847999999999997,0.4775
1660.8499999999997,0.01038,54.611999999999995,0.8811,113.23999999999998,323.75000000000006,3.4307,0.9198000000000001,127.855,0.053912,6.77625,108.73,111250.0,105.83999999999999,33.516000000000005,0.15244000000000002,3.7816,20646.0,1.6576,209.09500000000003,4.582000000000001e-13,1.17,6.808e-6,0.3410000000000001,515515.0,2.5146000000000002e-12,31.62,0.06525,5.6056e-5,7.54e-6,0.00097785,4694.5,5.461499999999999e-5,136.2,37.95,0.48780000000000007,2.1800000000000006,182.53500000000003,0.00011868000000000001,19.004499999999997
1126.0,0.07265999999999999,35.964,5.874,62.32,253.82000000000002,3.0537,0.7409500000000001,132.07,0.045122,5.07,92.355,114375.0,145.8,46.018,0.19776000000000005,0.13040000000000002,28638.0,2.24035,303.335,4.977e-13,1.56,9.842e-6,0.6160000000000001,212695.0,3.2385000000000003e-13,8.16,0.09744,7.84e-6,1.0672e-5,0.00134355,20266.5,0.00027472999999999994,871.68,41.1125,1.7614999999999998,26.16,164.14000000000001,0.00018767999999999996,14.611500000000001
4644.75,0.073525,36.962999999999994,3.916,26.599999999999994,409.2200000000001,2.01695,4.4457,94.13499999999999,0.023733,5.02125,30.129999999999995,21250.0,127.43999999999998,18.886000000000003,0.31724,0.09780000000000001,25807.5,0.9064999999999999,91.29499999999999,3.002e-13,1.9500000000000002,3.7000000000000006e-7,0.8800000000000002,331660.0,3.75285e-12,82.11,0.05568,1.568e-6,6.495999999999999e-6,0.0012083999999999999,11221.0,0.00020190999999999994,908.0000000000001,52.325,1.20595,75.864,135.84000000000003,0.00040296000000000006,2.7694999999999994
1041.55,0.10033999999999997,53.61299999999999,8.66415,16.72,375.55000000000007,2.9029000000000003,1.1753,237.44500000000002,0.005273999999999999,4.7775,27.51,91875.0,28.08,12.768,0.14008,6.5200000000000005,24142.5,1.77415,164.92000000000002,4.819e-13,12.402000000000001,1.0286e-5,1.3310000000000004,234325.0,3.02895e-12,30.090000000000003,0.11745,7.330399999999999e-5,7.597999999999999e-6,0.0004452,2519.0,8.771499999999998e-5,331.41999999999996,18.687499999999996,2.1273500000000003,70.63199999999999,35.375,8.28e-5,5.156999999999999
4954.4,0.13926499999999997,25.308,8.56625,141.36,380.7300000000001,1.37605,4.57345,244.47,0.044243000000000005,4.29,2.62,93125.0,57.239999999999995,24.472000000000005,0.22454000000000002,4.987800000000001,14652.0,0.8805999999999999,323.95,2.0540000000000001e-13,11.466000000000001,6.660000000000001e-7,1.8920000000000003,68495.0,1.2763500000000001e-12,76.5,0.04785,5.8015999999999995e-5,9.047999999999999e-6,0.0008585999999999999,13053.0,0.00011584999999999998,381.36,25.0125,1.4363000000000001,25.288,270.265,0.00043608000000000004,8.4995
1717.1499999999999,0.12369499999999999,19.647,7.0488,47.879999999999995,98.42000000000002,0.20735,4.599,151.74,0.046880000000000005,4.72875,91.7,25625.0,9.72,46.816,0.33990000000000004,2.3146,11821.5,1.30795,147.25,9.559000000000002e-13,5.304,1.4208e-5,1.7600000000000005,706580.0,8.953500000000001e-13,11.22,0.16877999999999999,2.0776000000000002e-5,2.32e-6,0.0011686499999999998,6183.0,6.288999999999999e-5,376.81999999999994,30.474999999999998,1.6802,18.311999999999998,171.21500000000003,5.2440000000000006e-5,3.8199999999999994
1013.3999999999999,0.038924999999999994,47.95199999999999,7.929899999999999,87.39999999999999,414.4000000000001,0.84825,4.9056,137.69,0.058307,0.63375,13.755,13125.0,126.36000000000001,23.674000000000003,0.14420000000000002,1.2062,23643.0,0.6863499999999999,247.38,5.688000000000001e-13,4.134,1.0656000000000001e-5,2.156,21630.0,1.80975e-12,5.1,0.14528999999999997,1.96e-6,7.772e-6,0.000954,7900.5,1.4894999999999999e-5,413.13999999999993,22.999999999999996,1.5447,22.236,275.925,0.00011040000000000001,13.370000000000001
2111.25,0.14359,4.329,7.4404,65.36,404.0400000000001,0.35815,4.3946000000000005,170.005,0.016114999999999997,8.23875,89.73500000000001,66250.0,132.84,2.128,0.16068000000000002,1.1736,4329.0,1.64465,153.14,7.189e-13,10.530000000000001,9.102e-6,2.2,602035.0,2.6670000000000002e-12,62.730000000000004,0.05045999999999999,3.6456e-5,8.409999999999999e-6,0.0014150999999999999,6526.5,0.00030121,694.62,5.175,1.2736999999999998,49.267999999999994,59.43000000000001,0.00031464,3.4379999999999997
5320.35,0.14705,7.659000000000001,4.6992,12.919999999999998,315.9800000000001,0.09425,4.9822500000000005,14.05,0.050689000000000005,0.39,45.85,9375.0,83.16,38.836,0.26368,2.1516,20313.0,0.89355,421.13499999999993,1.0112000000000002e-12,9.282000000000002,9.028e-6,1.8040000000000003,28840.0,3.06705e-12,60.18000000000001,0.11223,1.8424000000000002e-5,5.277999999999999e-6,0.00035774999999999994,2175.5,0.00011750499999999998,68.1,27.312499999999996,0.9620500000000001,10.9,256.115,0.00020148,9.454500000000001
4391.4,0.019894999999999996,41.62499999999999,7.5383000000000004,58.52,284.90000000000003,3.48725,2.9638,278.19,0.050396,4.143750000000001,11.790000000000001,124375.0,206.28,16.492000000000004,0.03296,1.304,29970.0,1.4504,533.045,9.480000000000001e-14,3.1980000000000004,1.0434000000000002e-5,0.044000000000000004,692160.0,1.12395e-12,68.85,0.04872,6.468e-5,8.642e-6,0.00145485,2404.5,0.00023169999999999997,31.779999999999994,9.774999999999999,1.6530999999999998,44.036,165.55500000000004,0.00049404,4.393
1970.4999999999998,0.08390499999999998,4.662,5.13975,130.72,225.33000000000004,2.46935,1.4308,191.07999999999998,0.054498000000000005,6.63,49.78,16875.0,34.56,36.974000000000004,0.10506,6.4548000000000005,4995.0,0.71225,44.175000000000004,6.557e-13,3.7440000000000007,7.548e-6,1.7710000000000004,598430.0,2.41935e-12,37.230000000000004,0.033929999999999995,4.4687999999999996e-5,8.294e-6,0.00143895,16602.5,0.00015556999999999998,118.03999999999999,41.974999999999994,2.439,51.01200000000001,49.525,7.176e-5,7.926499999999999
1097.85,0.144455,56.61,0.979,94.99999999999999,150.22000000000003,1.3949,1.5841,185.45999999999998,0.046294,7.7025,57.64,103750.0,164.16,53.2,0.20806000000000005,3.1948000000000003,16816.5,1.80005,374.015,8.611000000000001e-13,9.126000000000001,3.6260000000000005e-6,1.243,428995.0,2.0574e-12,48.45000000000001,0.00522,5.292e-5,5.974e-6,0.0001749,3206.0,0.00030948499999999997,830.8199999999999,55.2,2.0867,13.952,80.655,0.00025668,4.010999999999999
2449.05,0.03979,51.94799999999999,5.82505,13.679999999999998,427.35,3.11025,4.1391,21.075000000000003,0.058013999999999996,4.04625,36.68000000000001,100000.0,41.03999999999999,39.634,0.31106,4.8574,7659.0,0.50505,206.15000000000003,3.1600000000000005e-14,10.296000000000001,1.2506e-5,0.46200000000000013,176645.0,9.525e-13,95.88000000000001,0.06351,6.5072e-5,3.2479999999999996e-6,0.0009937499999999998,10877.5,0.00029128,576.58,27.599999999999998,0.5962000000000001,77.608,192.44,0.000138,11.078
4250.65,0.11331499999999999,27.971999999999998,6.3145500000000006,34.96,51.800000000000004,0.2262,3.96025,44.96000000000001,0.056842,2.68125,128.38,5000.0,214.92000000000002,42.56,0.40582000000000007,0.26080000000000003,26973.0,0.24604999999999996,376.96,1.2956e-12,14.898000000000001,1.48e-5,0.033,547960.0,1.2192e-12,74.97,0.11484,3.4495999999999996e-5,6.553999999999999e-6,0.0010335,7671.5,0.00019032499999999998,821.74,53.7625,1.9783,81.532,216.49500000000003,0.00049956,5.825499999999999
3096.5,0.08736499999999998,17.982,8.517299999999999,19.0,396.27000000000004,0.30160000000000003,1.8907,75.87,0.005566999999999999,9.01875,38.645,78125.0,200.88,48.412000000000006,0.32136000000000003,4.890000000000001,18481.5,1.59285,400.52000000000004,1.1376000000000001e-12,0.7020000000000001,2.8120000000000004e-6,1.485,151410.0,5.1435e-13,33.150000000000006,0.00696,7.7224e-5,3.7119999999999998e-6,0.0001431,19007.0,0.00016053499999999998,513.02,14.087499999999999,1.17885,32.264,55.185,4.9680000000000005e-5,6.3985
1801.5999999999997,0.044115,12.321000000000002,3.2307,28.88,479.1500000000001,3.6569,1.533,4.215000000000001,0.038676,5.50875,64.19,72500.0,212.76000000000002,52.93400000000001,0.0515,5.0856,32967.0,1.41155,321.005,1.4773e-12,13.728000000000002,1.2136000000000002e-5,1.0450000000000002,147805.0,1.84785e-12,21.42,0.10701000000000001,5.0567999999999994e-5,5.8580000000000005e-6,0.0010970999999999997,6755.5,0.00013901999999999995,149.82000000000002,16.099999999999998,0.5691,10.028,69.33500000000001,0.00014351999999999998,8.3085
1435.6499999999999,0.16434999999999997,23.31,2.98595,14.44,372.96000000000004,0.9802,0.10220000000000001,122.23500000000001,0.055377,6.825,70.74,80000.0,207.35999999999999,23.142000000000003,0.25338000000000005,4.6618,27972.0,1.0748499999999999,309.225,3.9500000000000003e-13,0.546,4.440000000000001e-6,1.3090000000000002,677740.0,3.0099e-12,102.0,0.056549999999999996,3.136e-5,6.2059999999999995e-6,0.0003498,20724.5,0.00032438,127.11999999999999,36.5125,1.80215,33.136,236.30500000000004,0.0003174,8.977
394.09999999999997,0.04152,49.28399999999999,6.6572,70.67999999999999,243.46,0.7162999999999999,3.3981500000000002,271.165,0.001465,7.215,63.535,6250.0,69.11999999999999,10.64,0.14626000000000003,1.8908000000000003,22311.0,0.7511,94.24,3.6340000000000005e-13,12.012000000000002,2.6640000000000002e-6,1.6060000000000003,183855.0,4.0005000000000005e-13,42.330000000000005,0.01566,3.0968e-5,7.191999999999999e-6,0.00115275,2633.5,4.303e-5,236.08,9.2,1.5040499999999999,66.272,263.19,0.00014075999999999997,11.9375
4053.6000000000004,0.06833499999999998,30.636,9.25155,4.56,248.64000000000001,0.5277999999999999,2.7849500000000003,87.11000000000001,0.009668999999999999,0.14625,32.75,87500.0,171.71999999999997,1.064,0.3914000000000001,2.4450000000000003,9490.5,1.12665,276.83,9.875000000000002e-13,5.148,1.2284000000000001e-5,1.2980000000000003,310030.0,2.03835e-12,34.68000000000001,0.08526,4.899999999999999e-5,1.0208e-5,0.0006439499999999999,10992.0,2.6479999999999997e-5,848.9799999999999,46.0,2.6828999999999996,22.672000000000004,232.06000000000003,1.38e-5,5.539
3856.55,0.016434999999999998,50.616,3.86705,82.83999999999999,401.45000000000005,1.3572000000000002,0.25550000000000006,134.88,0.055084,2.58375,87.115,71875.0,128.52,11.172,0.40170000000000006,1.7930000000000001,10156.5,2.44755,488.87,5.925e-13,8.034,1.1026e-5,1.7820000000000005,36050.0,2.22885e-12,18.87,0.01044,3.2928e-5,1.1483999999999999e-5,0.00045315,9274.5,0.00018370499999999996,367.73999999999995,50.599999999999994,1.1517499999999998,67.144,179.705,0.0005464799999999999,1.4324999999999999
4138.05,0.024219999999999995,33.632999999999996,7.7341,78.27999999999999,481.74,1.3195000000000001,4.5479,174.22,0.016994,1.9987499999999998,61.57,70000.0,172.8,9.044,0.40788,5.9658,8325.0,1.6835,270.94,7.347000000000001e-13,14.43,9.99e-6,0.066,111755.0,3.2575500000000004e-12,67.83,0.1566,2.3912e-5,4.524e-6,0.0007155,18320.0,0.00010757499999999999,526.64,54.912499999999994,0.9214000000000001,46.652,148.57500000000002,0.00051888,2.0054999999999996
3321.7,0.031139999999999994,55.27799999999999,7.58725,60.8,137.27,2.5636,0.28105,118.02,0.036918,1.95,90.39,83125.0,196.55999999999997,24.738000000000003,0.36050000000000004,6.194,15151.5,0.19424999999999998,412.3,1.2087e-12,6.864,7.992e-6,0.9570000000000002,472255.0,1.6002e-12,7.140000000000001,0.13224,1.7248e-5,5.51e-6,0.0015661499999999999,17289.5,7.281999999999998e-5,304.17999999999995,46.8625,2.56095,30.52,5.66,4.416e-5,18.718
84.45,0.11504499999999998,44.288999999999994,8.957849999999999,22.04,370.37000000000006,0.0754,2.83605,265.545,0.021096,3.85125,7.205,45625.0,179.28,51.33800000000001,0.39964000000000005,5.835400000000001,8991.0,1.67055,17.67,5.609000000000001e-13,10.452000000000002,2.2200000000000003e-6,1.3970000000000002,371315.0,2.1717e-12,81.09,0.14789999999999998,7.408799999999999e-5,9.86e-7,0.0009858,19579.5,2.9789999999999998e-5,572.0400000000001,5.749999999999999,2.0325,23.108,155.65,0.00023736,15.470999999999998
4729.2,0.170405,36.297,3.4754500000000004,145.92,49.21,1.2064000000000001,4.6501,119.42500000000001,0.057135,5.265,20.304999999999996,14375.0,109.08,1.862,0.28222,6.389600000000001,5494.5,0.38849999999999996,391.685,5.214000000000001e-13,12.168000000000001,7.252000000000001e-6,0.671,436205.0,2.6860500000000003e-12,65.79,0.06873000000000001,1.764e-5,8.932e-6,0.00027825,16144.5,0.00030783,485.7799999999999,6.325,1.72085,20.056,101.88000000000001,0.00029256000000000003,17.189999999999998
3743.95,0.15569999999999998,52.94699999999999,0.44055,35.72,453.25000000000006,2.4505,1.2774999999999999,23.885000000000005,0.050103,1.17,83.185,90625.0,123.12,15.694000000000003,0.22866,6.2918,1165.5,2.5252499999999998,456.475,8.295000000000002e-13,3.3540000000000005,1.1248e-5,1.727,710185.0,2.0193e-12,21.93,0.018269999999999998,2.744e-6,2.9579999999999995e-6,0.0004611,14541.5,0.00010591999999999998,839.9,26.7375,1.7344,61.476000000000006,89.14500000000001,0.00015456,9.6455
3124.6499999999996,0.09860999999999998,58.94099999999999,7.09775,126.15999999999998,209.79000000000005,2.28085,4.4968,32.315,0.048052000000000004,2.87625,50.435,88750.0,16.200000000000003,43.623999999999995,0.006180000000000001,1.9560000000000002,22644.0,1.813,53.010000000000005,4.1080000000000003e-13,12.636000000000001,1.11e-5,1.2650000000000001,609245.0,1.6764000000000002e-12,97.92,0.15921,4.5079999999999995e-5,2.7839999999999995e-6,0.0008904,8015.0,0.00011088499999999997,749.1,36.8,1.1924,62.348,239.13500000000002,0.00041676,18.0495
3941.0,0.132345,29.304,4.895,148.20000000000002,155.4,2.7521,5.08445,37.935,0.029592999999999994,4.82625,24.89,49375.0,162.0,35.91000000000001,0.27192,2.119,12154.5,1.43745,111.91,1.0744000000000001e-12,5.07,8.88e-6,1.6720000000000002,173040.0,2.4765e-13,29.070000000000004,0.15138,3.1752e-5,7.482e-6,0.00058035,1832.0,0.00017211999999999997,131.66,3.1624999999999996,2.5338499999999997,12.644,58.015,0.0001242,2.5784999999999996
4475.85,0.004324999999999999,13.985999999999999,3.1328000000000005,84.36,251.23000000000002,1.2818,2.01845,198.105,0.006153,4.3875,41.92,108125.0,85.32,26.068,0.38522000000000006,2.282,2331.0,0.3625999999999999,580.165,1.3035000000000003e-12,8.97,7.326000000000001e-6,2.0460000000000003,634480.0,1.2954e-12,37.74,0.08700000000000001,5.3704e-5,1.0265999999999998e-5,0.0014787,4122.0,0.00011915999999999996,213.38000000000002,33.925,0.9485000000000001,86.76400000000001,247.62500000000003,0.00028704,13.752
365.95,0.052765,40.626,0.5873999999999999,119.31999999999998,385.91,3.016,2.06955,22.479999999999997,0.03809,4.24125,76.635,91250.0,156.6,8.246000000000002,0.3563800000000001,1.5648000000000002,31801.5,2.331,388.74,1.3509e-12,10.764000000000001,7.696e-6,0.25300000000000006,605640.0,1.58115e-12,11.729999999999999,0.14181,5.644799999999999e-5,1.3339999999999998e-6,0.0010653,8358.5,0.00029458999999999996,662.84,35.3625,1.9647499999999998,45.344,210.83500000000004,0.00043332,12.033
3012.05,0.05363,64.93499999999999,3.7202,57.0,502.46000000000004,3.5815,0.17885,179.84,0.02344,1.1212499999999999,107.42,1875.0,35.64,2.926,0.07004,2.3798000000000004,30802.5,2.2274,41.23,5.372000000000001e-13,0.6240000000000001,1.443e-5,1.5180000000000002,400155.0,2.9908500000000003e-12,36.720000000000006,0.05480999999999999,5.684e-5,9.917999999999999e-6,0.00089835,9618.0,9.267999999999999e-5,730.94,23.8625,2.07315,49.704,147.16000000000003,4.692e-5,5.920999999999999
5123.3,0.15224,66.6,6.99985,142.88,432.53000000000003,2.9783,3.70475,178.435,0.009375999999999999,4.680000000000001,79.25500000000001,94375.0,153.36,24.206,0.05356,0.7498000000000001,7159.5,0.5439,259.15999999999997,3.397e-13,1.326,1.3986000000000001e-5,2.079,223510.0,2.8575e-12,47.940000000000005,0.09222000000000001,7.2912e-5,8.235999999999999e-6,0.00038955,19465.0,0.00022342499999999997,186.14,42.837500000000006,0.09485,57.98800000000001,186.78,0.00039744000000000004,10.887
253.35000000000002,0.11417999999999998,39.959999999999994,9.398399999999999,104.88,189.07000000000002,1.11215,3.5770000000000004,80.08500000000001,0.013184999999999999,1.7062499999999998,43.885000000000005,35625.0,6.48,7.714,0.37698,1.0432,10989.0,1.15255,61.845,1.3588e-12,8.268,5.180000000000001e-7,0.5830000000000001,526330.0,9.144e-13,85.67999999999999,0.16443,3.4104e-5,9.454e-6,0.0005406,20152.0,0.000329345,240.62,19.549999999999997,0.8672,32.7,162.72500000000002,0.00036708000000000004,13.179
5376.650000000001,0.0865,20.979,8.272549999999999,148.96,170.94000000000003,0.9613499999999999,2.5039,19.67,0.039555,3.4125,81.22,100625.0,157.67999999999998,36.176,0.23278000000000004,3.4882,3829.5,1.4763,332.78499999999997,6.240999999999999e-13,10.062000000000001,9.546e-6,1.4300000000000002,493885.0,7.8105e-13,63.75000000000001,0.013919999999999998,5.9975999999999996e-5,8.062e-6,0.0011845499999999997,8816.5,1.9859999999999996e-5,817.1999999999999,47.724999999999994,1.6124499999999997,65.83600000000001,128.76500000000001,0.0004967999999999999,11.1735
1491.95,0.06141499999999999,61.937999999999995,9.3005,129.96,238.28000000000003,1.508,3.14265,238.85,0.01758,9.31125,11.135,50625.0,46.44,47.348,0.05768000000000001,6.1614,19980.0,0.1554,97.185,6.162e-13,7.41,1.2802e-5,1.6610000000000003,540750.0,2.6289000000000002e-12,27.54,0.04610999999999999,3.9983999999999995e-5,8.816e-6,0.0003021,2862.5,0.00021349499999999996,649.22,10.924999999999997,0.6775,53.628,7.075,2.2080000000000002e-5,6.111999999999999
3462.45,0.01903,4.995,2.30065,68.39999999999999,88.06,1.5457,3.6792000000000002,240.255,0.038969000000000004,1.51125,113.315,105625.0,91.8,44.156000000000006,0.38728,5.216,29137.5,2.31805,512.43,1.58e-13,6.396,3.7000000000000006e-6,0.3630000000000001,623665.0,3.37185e-12,23.459999999999997,0.07917,5.958399999999999e-5,5.625999999999999e-6,0.00054855,12824.0,0.00021845999999999994,835.36,51.462500000000006,0.44715,1.308,127.35000000000001,0.00033672,8.404
3603.2,0.07006499999999999,22.644000000000002,8.07675,85.88,489.51000000000005,3.41185,2.22285,43.55500000000001,0.057720999999999995,5.7525,77.945,3750.0,166.32,34.846000000000004,0.27398000000000006,2.5428,666.0,1.28205,273.885,1.3193e-12,4.758,2.7380000000000007e-6,0.2970000000000001,180250.0,2.6098500000000002e-12,89.76,0.10353,7.056e-6,7.133999999999999e-6,0.0006042,14427.0,3.1444999999999995e-5,345.04,5.4624999999999995,0.25745,79.788,82.07000000000001,0.00054372,18.145
1914.2,0.025949999999999994,27.639,4.6013,102.6,235.69000000000003,1.86615,0.8942500000000001,182.65,0.025783999999999998,3.65625,98.90500000000002,106250.0,197.64000000000001,22.876000000000005,0.34196,5.1182,16483.5,1.9295499999999999,338.675,1.5484e-12,7.176,1.2210000000000002e-5,0.8250000000000002,497490.0,3.4099500000000004e-12,99.96,0.00261,3.7239999999999996e-5,4.0599999999999996e-7,0.00024645,801.5,0.00027307499999999996,299.64,24.724999999999998,0.12195,51.884,87.73,0.00036432000000000006,10.0275
534.8499999999999,0.062279999999999995,31.967999999999996,9.055749999999998,20.519999999999996,282.31000000000006,1.26295,4.67565,248.685,0.029885999999999996,0.43875,41.265,122500.0,65.88,29.792,0.15450000000000003,3.423,24808.5,0.9971499999999999,141.36,1.1692000000000001e-12,13.260000000000002,2.22e-7,1.8150000000000004,403760.0,1.3716e-12,27.03,0.0087,3.0183999999999998e-5,1.1542e-5,0.00028619999999999996,21411.5,0.00031776,808.12,28.174999999999997,1.91055,40.548,268.85,0.00026772,3.2469999999999994
1351.1999999999998,0.0077849999999999985,33.965999999999994,8.762049999999999,103.36,297.85,3.393,4.9567,103.97,0.00293,1.8037499999999997,17.029999999999998,70625.0,37.8,8.512,0.28840000000000005,3.5534000000000003,17982.0,2.4993499999999997,262.10499999999996,3.318e-13,2.8860000000000006,1.5540000000000003e-6,2.1670000000000003,353290.0,2.8194e-12,75.99000000000001,0.15486,8.623999999999999e-6,1.1309999999999998e-5,0.0010493999999999998,8244.0,0.00013239999999999997,867.1400000000001,46.575,1.07045,5.231999999999999,124.52000000000001,0.00022632000000000002,14.8025
872.6499999999999,0.13580499999999998,3.663,3.37755,63.08,437.71000000000004,2.0358,1.0475500000000002,102.56500000000001,0.05742799999999999,6.142500000000001,51.09,79375.0,42.120000000000005,18.088000000000005,0.21218000000000004,5.0204,16317.0,0.2849,441.75,7.505e-13,9.594000000000001,6.660000000000001e-6,0.231,50470.0,3.7719e-12,48.96000000000001,0.11571000000000001,6.0759999999999994e-5,5.7999999999999995e-6,0.00031005000000000003,15686.5,0.00012743499999999996,685.54,29.037499999999998,1.0162499999999999,25.724,253.28500000000003,0.00029532,12.223999999999998
4025.45,0.11244999999999998,38.62799999999999,1.2237500000000001,110.96,277.13000000000005,3.75115,3.6536500000000003,7.025,0.026077,6.3375,23.58,11875.0,160.92,4.522,0.32960000000000006,5.3138,29304.0,1.7870999999999997,132.52499999999998,9.796e-13,1.4820000000000002,1.0952000000000001e-5,0.28600000000000003,418180.0,7.239000000000001e-13,23.970000000000002,0.13137,3.6848e-5,4.64e-6,0.00081885,22213.0,4.6339999999999993e-5,263.32,50.8875,2.0596,39.676,45.28,0.00010764,1.146
647.4499999999999,0.023354999999999997,27.305999999999997,5.6782,23.56,295.26000000000005,1.9981,1.5585499999999999,116.615,0.043071,4.095,39.3,45000.0,140.4,11.438000000000002,0.09682,0.8476000000000001,23476.5,2.4346,67.735,2.6860000000000004e-13,4.524,1.0212e-5,1.9800000000000004,122570.0,1.524e-12,65.28,0.019139999999999997,5.8408e-5,7.83e-6,0.0010891499999999999,22442.0,0.00024162999999999995,59.019999999999996,25.3,2.23575,75.428,118.86000000000001,0.00024012,7.1625
3434.3,0.11590999999999997,11.988,2.79015,106.39999999999999,256.41,1.9227,2.8105,120.83,0.041313,2.2425,119.21000000000001,55625.0,4.32,14.630000000000003,0.09888,4.075,6660.0,0.8029000000000001,362.23499999999996,7.900000000000002e-14,8.58,3.774e-6,1.1660000000000001,565985.0,2.30505e-12,4.59,0.052199999999999996,1.4111999999999998e-5,3.7699999999999995e-6,0.0003816,22900.0,0.000253215,740.02,13.5125,0.8401,13.516,56.6,0.00018492,17.571999999999996
4363.25,0.142725,62.604,2.6433,27.36,429.94000000000005,3.63805,0.9709000000000001,220.58499999999998,0.024612,4.1925,58.949999999999996,96250.0,101.52,42.028000000000006,0.30076,2.8036000000000003,23310.0,1.2561499999999999,406.41,7.110000000000001e-13,6.63,8.880000000000001e-7,0.7810000000000002,421785.0,3.6766500000000005e-12,55.080000000000005,0.00609,6.272e-5,4.117999999999999e-6,0.00139125,9503.5,3.640999999999999e-5,640.14,40.825,0.8130000000000001,47.088,110.37,0.000276,6.8759999999999994
3687.6499999999996,0.056225,2.997,4.3076,44.839999999999996,20.72,0.1885,1.40525,85.705,0.013478,9.116249999999999,37.99,86875.0,14.040000000000001,49.742000000000004,0.0824,4.335800000000001,32800.5,1.38565,335.72999999999996,9.085e-13,5.6160000000000005,1.3172e-5,0.20900000000000002,688555.0,2.1336e-12,39.27,0.11832000000000001,2.7048e-5,7.714e-6,0.0013673999999999997,2061.0,0.00015887999999999997,608.36,48.587500000000006,2.66935,40.984,15.565000000000001,3.588e-5,13.847499999999998
4560.3,0.022489999999999993,5.6610000000000005,7.244599999999999,112.47999999999999,82.88000000000002,1.75305,3.1682000000000006,136.285,0.027542,8.2875,55.02,60000.0,60.480000000000004,14.896,0.07828,5.1508,11655.0,1.5151499999999998,73.625,1.0033e-12,2.9640000000000004,5.476000000000001e-6,1.2210000000000003,439810.0,1.16205e-12,51.510000000000005,0.10875,1.9208e-5,5.162e-6,0.0009221999999999999,13740.0,8.275e-6,95.33999999999999,3.45,1.3956499999999998,16.132,152.82000000000002,0.00051612,14.134
788.1999999999998,0.134075,23.643,3.0838500000000004,10.639999999999999,476.56000000000006,1.22525,1.91625,101.16,0.035453,9.60375,31.439999999999998,86250.0,17.28,6.916,0.31312,0.22820000000000001,1831.5,0.91945,589.0,8.374e-13,7.644,8.732e-6,0.4840000000000001,591220.0,3.2385e-12,53.040000000000006,0.16182,4.9392e-5,5.219999999999999e-7,0.0012322499999999998,5839.5,0.00019363499999999994,340.5,34.5,1.77505,47.96,145.74500000000003,0.00026220000000000003,0.382
1520.0999999999997,0.16089,8.658,8.9089,69.16,95.83000000000001,3.18565,2.63165,63.225,0.017872999999999997,7.94625,82.53,104375.0,204.12,44.688,0.2781,0.6846000000000001,5827.5,0.2331,527.155,3.081e-13,15.054,8.658e-6,0.6050000000000002,407365.0,1.5430500000000002e-12,35.7,0.1218,3.92e-6,9.57e-6,0.00093015,8702.0,0.00014563999999999997,399.52,48.875,1.9376499999999999,47.524,205.17500000000004,0.00024288,16.044
168.9,0.05016999999999999,63.602999999999994,0.53845,33.44,67.34,3.71345,3.3215000000000003,268.35499999999996,0.045415000000000004,8.43375,77.28999999999999,38750.0,87.48,50.00800000000001,0.12154,2.9992,17649.0,2.05905,574.275,1.3825e-12,7.0200000000000005,1.258e-6,0.6270000000000001,414575.0,4.3815e-13,58.65,0.10092000000000001,1.8032e-5,4.35e-6,0.00078705,3091.5,0.000276385,99.87999999999998,43.412499999999994,0.7181500000000001,29.648,38.205,0.00016007999999999997,2.4829999999999997
3237.25,0.04844,9.324,6.020849999999999,101.83999999999997,300.44,2.20545,3.4748,158.76500000000001,0.05274,1.41375,91.045,27500.0,71.28,47.08200000000001,0.26780000000000004,1.3692,1998.0,0.33669999999999994,577.2199999999999,2.133e-13,13.416,1.1988000000000001e-5,0.5610000000000002,396550.0,1.1049e-12,85.17,0.01653,5.409599999999999e-5,1.0729999999999999e-5,0.0010096499999999997,9961.5,0.00033099999999999997,699.16,17.249999999999996,0.36585000000000006,66.708,273.09499999999997,0.00026496,2.6739999999999995
4898.1,0.14013,17.649,1.0279500000000001,54.72,196.84,3.3553,5.0078000000000005,109.58999999999999,0.022854,9.067499999999999,8.514999999999999,120000.0,163.07999999999998,1.33,0.13390000000000002,5.542000000000001,28804.5,2.5122999999999998,432.91499999999996,1.1455000000000001e-12,12.48,1.0359999999999999e-5,0.9900000000000002,209090.0,1.4668500000000002e-12,91.28999999999999,0.04698,5.4488e-5,4.929999999999999e-6,0.0015184499999999997,11106.5,5.6269999999999995e-5,844.44,34.2125,0.21680000000000002,17.876,11.32,0.00011592000000000001,16.235
1463.8,0.15137499999999998,57.608999999999995,0.83215,117.79999999999998,448.0700000000001,0.92365,0.9453500000000001,212.155,0.030178999999999997,3.75375,95.63000000000001,63125.0,92.88000000000001,39.900000000000006,0.36462000000000006,5.8028,12987.0,1.02305,79.515,4.0290000000000003e-13,13.806000000000003,4.588000000000001e-6,1.0010000000000001,324450.0,3.1051500000000004e-12,64.77,0.13398,5.1352e-5,6.38e-7,2.385e-5,11450.0,0.00015060499999999997,385.9,55.775,1.0569,57.55200000000001,219.32500000000002,0.00049128,11.269
1182.3,0.15743,55.61099999999999,7.1467,139.84,334.11,0.26389999999999997,0.43435,281.0,0.024319,7.26375,78.60000000000001,24375.0,21.599999999999998,41.762,0.25132,2.7384000000000004,8658.0,1.0877999999999999,403.46500000000003,1.5405000000000002e-12,0.936,1.4060000000000002e-6,0.6600000000000001,201880.0,3.33375e-12,22.439999999999998,0.14964,5.88e-6,1.0962e-5,0.0010414499999999998,3893.0,0.00025155999999999996,803.58,28.462499999999995,1.85635,78.91600000000001,42.45,0.00054924,10.600499999999998
5095.15,0.06401,32.967,6.853000000000001,99.55999999999999,129.5,3.67575,3.04045,192.485,0.05859999999999999,8.385,119.865,61250.0,93.96000000000001,17.024,0.21012000000000003,0.7824000000000001,3996.0,1.9813499999999997,135.47000000000003,6.636e-13,13.338000000000001,1.3024e-5,0.55,544355.0,2.3812499999999998e-12,93.33,0.02523,6.9384e-5,1.1193999999999998e-5,0.00023055,5381.5,0.00014067499999999996,499.4,49.7375,0.85365,27.468,172.63000000000002,0.00048576000000000007,7.735499999999999
3378.0,0.08563499999999999,6.327,1.7622000000000002,113.99999999999999,321.16,2.2243,2.2484,213.56,0.048931,7.995,94.975,26250.0,198.71999999999997,9.842,0.38934,0.9780000000000002,19647.0,0.5698,55.955000000000005,1.0191000000000002e-12,7.098,2.3680000000000005e-6,1.2320000000000002,656110.0,1.1811e-12,45.9,0.020009999999999997,3.8023999999999994e-5,1.276e-6,0.0006916499999999999,13282.0,0.00032107,190.67999999999998,25.874999999999996,1.47695,58.86,157.06500000000003,0.00042504000000000006,18.240499999999997
2054.9500000000003,0.03806,42.957,6.2166500000000005,108.67999999999999,90.65,0.62205,2.2995,269.76,0.033402,3.46125,3.275,46250.0,84.24,48.944,0.33166,1.4669999999999999,31468.5,2.3051,306.28,1.3983000000000002e-12,9.906,8.436e-6,1.32,684950.0,2.76225e-12,79.56,0.02436,4.3119999999999995e-6,4.698e-6,0.0008427,11679.0,0.00015722499999999999,858.06,3.7375,2.50675,57.116,264.605,3.312e-5,0.9549999999999998
5264.05,0.040655,55.943999999999996,1.3216500000000002,15.2,163.17000000000002,3.0914,2.4017,115.21000000000001,0.043364,1.5599999999999998,89.08,118125.0,58.32000000000001,28.196000000000005,0.12566000000000002,3.9772,26307.0,2.26625,173.755,9.717e-13,8.736,6.290000000000001e-6,0.5170000000000001,82915.0,1.7145e-12,53.550000000000004,0.1653,6.1936e-5,9.859999999999999e-6,0.0015105,21869.5,0.00016384499999999997,276.94,35.075,0.28455,8.284,141.5,0.00032568000000000007,6.685
3546.8999999999996,0.0034599999999999995,18.648,2.4475000000000002,71.44,440.30000000000007,2.6767000000000003,3.8325,84.30000000000001,0.032522999999999996,7.75125,55.675000000000004,38125.0,138.24,52.402000000000015,0.0618,4.1402,5328.0,1.48925,235.60000000000002,3.7920000000000004e-13,3.9000000000000004,7.918e-6,0.9240000000000002,97335.0,2.3622e-12,60.690000000000005,0.08613,1.0192e-5,1.74e-7,0.0007234499999999999,7213.5,0.00020025499999999996,590.2,15.237499999999997,2.3035,48.396,206.59000000000003,0.00050508,7.257999999999999
4616.6,0.147915,49.949999999999996,7.783049999999999,74.47999999999999,176.12000000000003,2.6390000000000002,1.3286,146.12,0.0038090000000000003,9.50625,102.17999999999999,53750.0,64.8,39.36800000000001,0.23896,1.6952,21645.0,2.5641,108.96500000000002,6.794e-13,13.650000000000002,1.1322e-5,0.165,277585.0,2.286e-13,77.52,0.030449999999999994,3.9591999999999996e-5,3.828e-6,0.00080295,9045.5,0.00028962499999999995,290.56,1.4375,0.88075,74.12,65.09,0.00034776000000000007,18.909
5517.400000000001,0.160025,45.28799999999999,5.33555,128.44,126.91,3.5061,2.3506,217.775,0.027249,3.07125,106.765,66875.0,151.20000000000002,4.256,0.04326,3.9446000000000003,15651.0,0.1295,550.715,6.873e-13,4.836,5.9940000000000005e-6,0.5940000000000001,638085.0,1.3335e-13,15.3,0.08004,4.704e-5,1.015e-5,0.00016695,13854.5,0.000249905,163.44,18.112499999999997,1.5717999999999999,56.68,94.80499999999999,0.00047196,12.1285
309.65,0.035464999999999997,62.270999999999994,1.12585,40.28,419.58000000000004,1.1687,4.343500000000001,188.27,0.007911,6.7275,69.43,111875.0,30.240000000000002,46.284000000000006,0.02266,2.4776000000000002,12321.0,0.55685,103.075,2.3700000000000005e-13,2.028,1.0582000000000001e-5,0.7260000000000001,702975.0,2.91465e-12,56.61,0.13049999999999998,1.6856000000000003e-5,5.219999999999999e-6,0.00021465,5267.0,0.00032769,431.29999999999995,40.5375,1.8834499999999998,3.0519999999999996,254.70000000000002,0.00017664000000000002,10.2185
4785.5,0.10812499999999999,50.282999999999994,5.433450000000001,22.799999999999997,466.20000000000005,0.47125,1.14975,61.82,0.002637,5.898750000000001,58.29500000000001,39375.0,44.28,50.274,0.40376,0.8150000000000002,21811.5,1.1396,200.26,6.32e-13,6.005999999999999,1.0063999999999999e-5,0.7370000000000001,317240.0,3.5052e-12,69.87,0.11397000000000002,2.3519999999999997e-6,5.568e-6,0.0001908,18549.0,4.965e-6,335.96,10.349999999999998,0.40650000000000003,18.748,154.235,0.00027324,2.292
5545.55,0.09514999999999998,10.656,4.94395,134.52,116.55000000000001,2.99715,2.47835,40.745000000000005,0.006738999999999999,9.75,106.11000000000001,56250.0,29.16,9.310000000000002,0.11536,1.6300000000000001,20979.0,1.6964499999999998,491.81500000000005,1.4299000000000002e-12,6.162,1.702e-6,1.2100000000000002,255955.0,1.7907e-12,95.36999999999999,0.09917999999999999,4.2336e-5,6.438e-6,0.000318,19923.0,0.00026645499999999997,440.37999999999994,36.225,0.31165000000000004,45.78,229.23000000000005,0.00044436000000000003,0.2865
5207.75,0.104665,22.976999999999997,0.93005,110.19999999999999,59.57000000000001,3.7323,0.6898500000000001,150.335,0.011134,7.55625,62.225,75625.0,169.55999999999997,49.21000000000001,0.26986000000000004,0.5216000000000001,32301.0,1.46335,562.495,5.53e-14,13.962000000000002,1.295e-5,1.4740000000000002,140595.0,4.953e-13,33.660000000000004,0.02088,3.4887999999999995e-5,4.408e-6,0.0004293,572.5,6.123499999999998e-5,249.7,13.224999999999998,0.9078499999999999,24.416,131.59500000000003,0.00019596000000000001,14.516
957.0999999999999,0.12802,54.278999999999996,6.60825,125.39999999999999,233.10000000000002,0.73515,0.3066,155.95499999999998,0.04395,0.53625,113.97,82500.0,216.0,31.122000000000003,0.028840000000000005,4.7596,13986.0,0.0777,371.07,5.451000000000001e-13,1.2480000000000002,4.736000000000001e-6,1.6830000000000003,237930.0,1.4478e-12,26.01,0.09657000000000002,4.7431999999999996e-5,6.6119999999999995e-6,0.0011925,6641.0,0.00022507999999999995,626.52,4.0249999999999995,1.5853499999999998,60.604,123.105,7.452e-5,14.325
4419.55,0.12109999999999997,32.300999999999995,5.72715,57.76,505.05000000000007,0.39585000000000004,4.82895,161.57500000000002,0.046587,5.5575,47.16,29375.0,36.72,35.644000000000005,0.29664,2.0864000000000003,3663.0,1.7223499999999998,415.245,3.555e-13,14.586000000000002,7.77e-6,1.2870000000000004,641690.0,2.9718e-12,13.26,0.036539999999999996,4.6256e-5,3.6539999999999992e-6,0.00124815,10763.0,5.295999999999999e-5,363.19999999999993,32.775,1.8157,10.464,191.025,0.00028428000000000004,17.8585
2955.75,0.032005,11.655000000000001,3.0349,107.15999999999998,347.06000000000006,1.0556,4.088,266.95,0.04981,2.3887500000000004,30.785,37500.0,70.2,51.072,0.37904000000000004,6.128800000000001,19314.0,0.1813,217.93,1.185e-12,5.772,1.2876e-5,0.4180000000000001,227115.0,2.26695e-12,38.25,0.023489999999999997,6.3896e-5,1.1425999999999999e-5,0.0015025499999999998,22556.5,0.00025817999999999994,354.11999999999995,16.674999999999997,0.7452500000000001,43.164,108.955,2.7600000000000003e-5,2.9604999999999997
450.40000000000003,0.11763999999999998,13.319999999999999,3.8181000000000003,80.55999999999999,181.3,1.7342,2.1973000000000003,64.63,0.044536,1.02375,127.07,28125.0,54.0,21.546000000000003,0.18952000000000002,5.411600000000001,24309.0,0.60865,126.635,7.584000000000001e-13,14.196000000000002,1.3320000000000001e-6,0.33000000000000007,392945.0,3.5814e-12,80.07000000000001,0.17226,7.526399999999999e-5,5.104e-6,0.00085065,3549.5,0.00019528999999999998,208.84,31.337499999999995,0.3523,42.292,174.04500000000002,0.00032016,1.0505
4841.8,0.054494999999999995,53.279999999999994,4.5034,101.07999999999998,326.34000000000003,3.44955,3.3470500000000003,168.6,0.010841,0.8775000000000001,13.100000000000001,118750.0,112.32,11.97,0.23072000000000004,4.6292,5661.0,0.29784999999999995,32.394999999999996,8.69e-13,15.444000000000003,4.1440000000000005e-6,1.056,475860.0,1.143e-12,6.120000000000001,0.04176,2.2736e-5,8.004e-6,0.0003657,19694.0,3.971999999999999e-5,735.4799999999999,4.6,1.8428,38.804,103.295,0.0005299199999999999,12.7015
3180.95,0.13493999999999998,20.313,2.937,120.07999999999998,492.1,3.52495,3.2193000000000005,255.70999999999998,0.030764999999999997,7.16625,34.06,2500.0,168.48,28.728000000000005,0.11742000000000001,5.4442,499.5,0.4920999999999999,397.575,6.952e-13,6.0840000000000005,7.4e-6,1.9030000000000002,670530.0,1.4859000000000002e-12,100.98,0.08961000000000001,5.0175999999999995e-5,2.1459999999999994e-6,0.0010732499999999998,19121.5,4.468499999999999e-5,767.26,32.4875,0.17615000000000003,85.892,116.03000000000002,0.00053268,1.2415
1323.05,0.037195,9.99,9.79,42.56,15.540000000000001,2.8840500000000002,0.63875,184.055,0.034281,5.460000000000001,70.085,113125.0,49.68000000000001,38.304,0.05974,1.2388,29803.5,2.59,279.775,1.0902000000000001e-12,11.778,1.3838000000000002e-5,1.9580000000000004,191065.0,2.0955000000000003e-13,67.32,0.15399,8.232e-6,1.0439999999999998e-5,0.00029414999999999997,3320.5,0.00020852999999999996,322.34,29.325,2.6558,46.21600000000001,4.245,0.00044988,15.1845
2252.0,0.0346,28.970999999999997,6.069800000000001,5.32,352.24,2.2997,2.6061,226.20499999999998,0.020217,8.62875,5.895,106875.0,100.43999999999998,38.57000000000001,0.29252,1.7604,21978.0,2.1755999999999998,197.315,1.4694000000000002e-12,11.622,3.5520000000000005e-6,1.6170000000000002,713790.0,1.2573000000000001e-12,98.42999999999999,0.08352000000000001,7.251999999999999e-5,1.972e-6,0.00015104999999999999,13396.5,0.0002979,771.8000000000001,13.799999999999997,2.0189500000000002,85.456,76.41,1.656e-5,16.807999999999996
506.7,0.033735,34.632,4.35655,143.64000000000001,212.38000000000002,2.69555,0.7154000000000001,74.465,0.007325,6.239999999999999,121.17500000000001,85000.0,50.75999999999999,7.182000000000001,0.0927,1.0758,18814.5,1.9943,556.605,1.5089e-12,14.976,5.18e-6,1.7050000000000003,490280.0,5.715e-14,78.03,0.0174,3.5279999999999994e-5,2.4359999999999996e-6,0.0006837,16946.0,0.00012577999999999998,40.86,33.0625,1.7885999999999997,12.208000000000002,281.58500000000004,0.00037536000000000004,4.965999999999999
5461.099999999999,0.140995,35.63099999999999,5.0908,6.08,411.81000000000006,1.8473,4.06245,195.295,0.019337999999999998,0.78,97.595,119375.0,33.48,49.476,0.32342000000000004,0.29340000000000005,14152.5,1.04895,114.855,8.532e-13,10.218000000000002,2.4420000000000005e-6,1.0230000000000001,580405.0,3.7909500000000005e-12,94.86,0.13310999999999998,1.568e-5,8.699999999999999e-7,0.0015899999999999998,4351.0,2.1514999999999996e-5,535.72,38.2375,1.5176,37.06,277.34,0.00031188000000000006,11.364500000000001
675.5999999999999,0.09255499999999998,37.961999999999996,6.80405,123.88,422.17,2.16775,2.555,54.79500000000001,0.0064459999999999995,5.11875,65.5,23125.0,115.56,3.192,0.0721,0.16300000000000003,16650.0,2.4734499999999997,238.54500000000002,7.663000000000001e-13,1.8720000000000003,5.550000000000001e-6,1.0120000000000002,54075.0,4.1910000000000005e-13,62.220000000000006,0.06612,1.0583999999999999e-5,3.189999999999999e-6,0.0013992,20495.5,0.00023997499999999996,744.56,40.25,0.040650000000000006,19.184,18.395000000000003,0.00012144,4.7749999999999995
5404.8,0.168675,24.974999999999998,2.20275,44.08,119.14000000000001,0.8293999999999999,2.1462,112.4,0.041606000000000004,2.145,122.48499999999999,76250.0,75.6,27.398000000000003,0.11124000000000002,5.9984,25974.0,1.3597499999999998,82.46000000000001,1.2482e-12,3.0420000000000003,2.9600000000000005e-6,0.5060000000000001,14420.0,1.6954500000000002e-12,71.39999999999999,0.16965,6.5464e-5,7.539999999999999e-7,0.0013196999999999998,17862.0,0.00027142,758.18,39.675,2.168,34.444,97.63499999999999,0.00041400000000000003,5.0615
